,职位ID,职位名,薪资范围,公司ID,公司名,职位链接,发布时间,猎头名称,猎头ID,工作经验,公司主页,公司描述,岗位亮点
0,8548354,php开发工程师,15k-18k,152004,北京阿甘达,https://www.lagou.com/jobs/8548354.html?show=b6b910cafb5c4d0098753953a5d6a6e1,1天前发布,,,经验1-3年 / 大专,https://www.lagou.com/gongsi/v1/3fc50000472346f41134498257244b64d88b04970afb0a2f.html,"移动互联网,电商 / A轮 / 15-50人",“早九晚六，周日单休，法定假日加班补贴，生日会”
1,8821537,php后端开发工程师,7k-10k,547836,基源科技,https://www.lagou.com/jobs/8821537.html?show=b6b910cafb5c4d0098753953a5d6a6e1,1天前发布,,,经验1-3年 / 本科,https://www.lagou.com/gongsi/v1/4c36445bc9025ed49b59534c385cef75cccb9622d0ce1021.html,"移动互联网,医疗丨健康 / 未融资 / 150-500人",“双休，五险一金，定期体检，节日福利，绩效奖金”
2,4014035,PHP研发工程师,12k-20k,5726,翼课网,https://www.lagou.com/jobs/4014035.html?show=b6b910cafb5c4d0098753953a5d6a6e1,1天前发布,,,经验1-3年 / 本科,https://www.lagou.com/gongsi/v1/d337c436985147b9b21550488119854a9d9e3543407edc0e.html,在线教育 / 不需要融资 / 500-2000人,"“五险一金,朝阳行业，周末双休”"
3,4604088,PHP开发工程师,12k-18k,343939,门链科技,https://www.lagou.com/jobs/4604088.html?show=b6b910cafb5c4d0098753953a5d6a6e1,1天前发布,,,经验1-3年 / 本科,https://www.lagou.com/gongsi/v1/85c2a3b13cd03c11fa5ca8225914409a5e1da9fcebb4086d.html,"金融,其他 / 不需要融资 / 150-500人","“区块链,福利待遇好,扁平管理,氛围好”"
4,8589730,php开发工程师,10k-15k,432591,一三齐齐游戏,https://www.lagou.com/jobs/8589730.html?show=b6b910cafb5c4d0098753953a5d6a6e1,1天前发布,,,经验1-3年 / 大专,https://www.lagou.com/gongsi/v1/270b12aef2d2f612bdb06e18e254c39327a0dde0153b6272.html,游戏 / A轮 / 150-500人,“免费三餐 职业发展 房补 五险一金”
5,8430756,php开发工程师,15k-20k,86309,筑客网络,https://www.lagou.com/jobs/8430756.html?show=b6b910cafb5c4d0098753953a5d6a6e1,1天前发布,,,经验1-3年 / 大专,https://www.lagou.com/gongsi/v1/79de700cc16fe7d884c5ee53329df5d1ae638ed31865b30a.html,企业服务 / 不需要融资 / 15-50人,“团队氛围好，晋升空间透明”
6,8283282,php开发工程师,8k-15k,74643,思而科,https://www.lagou.com/jobs/8283282.html?show=b6b910cafb5c4d0098753953a5d6a6e1,1天前发布,,,经验1-3年 / 本科,https://www.lagou.com/gongsi/v1/cc4b658b974b5d60091698ed613722ecf2b5446451992ed8.html,"IT技术服务｜咨询,软件服务｜咨询 / 未融资 / 150-500人",“五险一金 年终奖 节日福利 餐补弹性工作时间”
7,8976985,php工程师,5k-9k,123311027,数语科技,https://www.lagou.com/jobs/8976985.html?show=b6b910cafb5c4d0098753953a5d6a6e1,1天前发布,,,经验1-3年 / 大专,https://www.lagou.com/gongsi/v1/2138be8c1cd855d044b4e60529301507dc83e8ab9122c9a0078643c089bfca15.html,"IT技术服务｜咨询,数据服务｜咨询 / 未融资 / 15-50人",“五险、节日福利、带薪年假、绩效奖金、弹性工作”
8,8924736,Golang/PHP 开发工程师,20k-35k,451,腾讯,https://www.lagou.com/jobs/8924736.html?show=b6b910cafb5c4d0098753953a5d6a6e1,1天前发布,,,经验1-3年 / 本科,https://www.lagou.com/gongsi/v1/a512dee09c6a63ae8131826906c6f1de.html,"游戏,社交媒体,音频｜视频媒体 / 上市公司 / 2000人以上",“大平台，技术实力强”
9,8605165,PHP开发工程师,7k-12k,143305,深传互动,https://www.lagou.com/jobs/8605165.html?show=b6b910cafb5c4d0098753953a5d6a6e1,1天前发布,,,经验1-3年 / 本科,https://www.lagou.com/gongsi/v1/9ce1b44215a8cff1a26dc4649d52d3592a408c02baac5bc1.html,"移动互联网,广告营销 / 未融资 / 50-150人",“为政府单位提供政务一体化整合宣传推广服务”
10,7664437,php开发工程师,8k-12k,82797803,伊布鲁克,https://www.lagou.com/jobs/7664437.html?show=b6b910cafb5c4d0098753953a5d6a6e1,1天前发布,,,经验1-3年 / 大专,https://www.lagou.com/gongsi/v1/fde3141c8de2a2144af86760380277b66b97f481f325b1328c51760666b7a975.html,软件服务｜咨询 / 未融资 / 15-50人,“五险一金，带薪休假，双休”
11,7321800,php开发工程师,8k-15k,44600,天府星空集团,https://www.lagou.com/jobs/7321800.html?show=b6b910cafb5c4d0098753953a5d6a6e1,2天前发布,,,经验1-3年 / 大专,https://www.lagou.com/gongsi/v1/f99180d7b5f29f8e35bba02370331dd90bf4594625e43105.html,电商平台 / 不需要融资 / 500-2000人,“五险一金，节假日福利、带薪假期”
12,5226120,PHP工程师,7k-12k,463259,乐玩家,https://www.lagou.com/jobs/5226120.html?show=b6b910cafb5c4d0098753953a5d6a6e1,2天前发布,,,经验1-3年 / 本科,https://www.lagou.com/gongsi/v1/730b9cc4e339df603779e5e54a1804fd6c061ac98913b60f.html,"移动互联网,电商 / 天使轮 / 15-50人","“自由,身心舒适,产品分红，13薪”"
13,8935500,php开发工程师,20k-40k,5832,微博,https://www.lagou.com/jobs/8935500.html?show=b6b910cafb5c4d0098753953a5d6a6e1,2天前发布,,,经验1-3年 / 本科,https://www.lagou.com/gongsi/v1/5bcbee597905c29679bc45c403630f11f50d364886ddf7d0.html,社交媒体 / 上市公司 / 2000人以上,“新浪微博PHP开发工程师”
14,8893661,php开发工程师,7k-13k,56243,江苏新格尔人居科技有限公司,https://www.lagou.com/jobs/8893661.html?show=b6b910cafb5c4d0098753953a5d6a6e1,2天前发布,,,经验1-3年 / 本科,https://www.lagou.com/gongsi/v1/6e5e5862915410f2f9b645bdbe67b4f9afee2d4eda24a9ff.html,消费生活 / 不需要融资 / 150-500人,“发展前景好，团队实力佳”
15,8550552,php开发工程师,15k-18k,152004,北京阿甘达,https://www.lagou.com/jobs/8550552.html?show=b6b910cafb5c4d0098753953a5d6a6e1,1天前发布,,,经验1-3年 / 本科,https://www.lagou.com/gongsi/v1/c9710cfb9abaa505f1d2afd68771e7b99c7d7fc7e64dab20.html,"移动互联网,电商 / A轮 / 15-50人",“早九晚六，周日单休，法定假日加班补贴，生日会”
16,8289409,PHP研发工程师,12k-20k,5726,翼课网,https://www.lagou.com/jobs/8289409.html?show=b6b910cafb5c4d0098753953a5d6a6e1,1天前发布,,,经验1-3年 / 本科,https://www.lagou.com/gongsi/v1/0b743f89bce5a7d8363c18b76b2c5684f8dd6544d1845381.html,在线教育 / 不需要融资 / 500-2000人,“周末双休，年终奖金，不996，团队优秀”
17,8706962,php开发工程师,10k-15k,343939,门链科技,https://www.lagou.com/jobs/8706962.html?show=b6b910cafb5c4d0098753953a5d6a6e1,1天前发布,,,经验1-3年 / 本科,https://www.lagou.com/gongsi/v1/ec3a54ccfa240301b1e35c6e4a01ee01023810e37a028b0d.html,"金融,其他 / 不需要融资 / 150-500人",“弹性打卡”
18,8727402,php开发工程师,5k-10k,327079,都域贸易,https://www.lagou.com/jobs/8727402.html?show=b6b910cafb5c4d0098753953a5d6a6e1,3天前发布,,,经验1-3年 / 不限,https://www.lagou.com/gongsi/v1/2a53839252b3f8a47f710384d503ee7e60095faf79811605.html,"消费生活,移动互联网 / 不需要融资 / 15-50人",“社保全齐，带薪假期，双休，年轻团队”
19,4873580,php开发工程师,3k-6k,385438,绿茶科技,https://www.lagou.com/jobs/4873580.html?show=b6b910cafb5c4d0098753953a5d6a6e1,3天前发布,,,经验1-3年 / 大专,https://www.lagou.com/gongsi/v1/3343f6297563e7431c4d039ff707e39ddece5cb2f4f10580.html,"移动互联网,企业服务 / 不需要融资 / 15-50人",“双休，朝九晚五”
20,8974324,php开发工程师,14k-19k,24102,Hypers,https://www.lagou.com/jobs/8974324.html?show=b6b910cafb5c4d0098753953a5d6a6e1,3天前发布,,,经验1-3年 / 本科,https://www.lagou.com/gongsi/v1/e6715905e2132d8fdf1cb217d7395929b65e57ed2b24aee8.html,数据服务｜咨询 / 上市公司 / 150-500人,“PHP项目优先”
21,7688939,php后端开发工程师,10k-16k,23625,Integle上海鹰谷,https://www.lagou.com/jobs/7688939.html?show=b6b910cafb5c4d0098753953a5d6a6e1,3天前发布,,,经验1-3年 / 本科,https://www.lagou.com/gongsi/v1/4b70b085e0d1637f1d15b57fbde71abbcb27aa9a4be01633.html,"软件服务｜咨询,人工智能服务 / B轮 / 15-50人",“简单轻松的人际关系；务实上进的工作氛围”
22,5251540,PHP开发工程师,8k-13k,466657,空谷kgu,https://www.lagou.com/jobs/5251540.html?show=b6b910cafb5c4d0098753953a5d6a6e1,2021-06-12,,,经验1-3年 / 本科,https://www.lagou.com/gongsi/v1/ec787b8972a40efb04689fae224e46d1a4334bc8e2a05d93.html,"软件服务｜咨询,IT技术服务｜咨询 / 未融资 / 15-50人","“晋升空间,学习挑战,高绩效薪酬,弹性工作”"
23,8043220,php开发工程师,15k-18k,122322818,庚申电子,https://www.lagou.com/jobs/8043220.html?show=b6b910cafb5c4d0098753953a5d6a6e1,2021-06-12,,,经验1-3年 / 本科,https://www.lagou.com/gongsi/v1/c897520e2cc80a6005453fe178782ea22b34940563b6cc2de2c97365f11385b4.html,"硬件,软件开发 / 未融资 / 50-150人",“团队精神，更推崇快乐的工作氛围。”
24,3446152,php中级开发工程师,5k-10k,122775,易客来,https://www.lagou.com/jobs/3446152.html?show=b6b910cafb5c4d0098753953a5d6a6e1,2021-06-11,,,经验1-3年 / 本科,https://www.lagou.com/gongsi/v1/4f3899f0a101fd9fba8d9e0149b748b268a427150c3c039c.html,"营销服务｜咨询,科技金融 / 未融资 / 15-50人",“优秀者可获得公司期权奖励及年终分红”
25,8971788,php开发工程师,6k-9k,759575,团结网络,https://www.lagou.com/jobs/8971788.html?show=b6b910cafb5c4d0098753953a5d6a6e1,2021-06-11,,,经验1-3年 / 本科,https://www.lagou.com/gongsi/v1/d16e697122371ecf9be63c6d47a6dac2ba0d0e90669fc9b6.html,软件开发、房产家居 / 不需要融资 / 15-50人,“快速成才，扁平化管理”
26,8312984,高级后端开发工程师（PHP方向）G102041,15k-30k,22045,Mobvista,https://www.lagou.com/jobs/8312984.html?show=b6b910cafb5c4d0098753953a5d6a6e1,2021-06-11,,,经验1-3年 / 本科,https://www.lagou.com/gongsi/v1/ffc48e3a16d5fd66a5bf0a8d3b50c51993f5c5d2eaca2e88.html,"营销服务｜咨询,数据服务｜咨询 / 上市公司 / 500-2000人",“双休 弹性工作 地铁周边”
27,8119316,PHP后台开发工程师,11k-18k,312260,云启星辰,https://www.lagou.com/jobs/8119316.html?show=b6b910cafb5c4d0098753953a5d6a6e1,2021-06-11,,,经验1-3年 / 本科,https://www.lagou.com/gongsi/v1/1da0c0f5c65df3744eccd0119a9656d914bb9ee55f7ca4ac.html,软件服务｜咨询 / B轮 / 15-50人,“行业引领者、技术大牛多、福利好、周末双休”
28,8545216,php开发工程师,10k-15k,120648917,黑犇网络,https://www.lagou.com/jobs/8545216.html?show=b6b910cafb5c4d0098753953a5d6a6e1,2021-06-11,,,经验1-3年 / 大专,https://www.lagou.com/gongsi/v1/0827a0bd70550a96d71a4dc9f5c17efa54eae9a519c8c6b89295b768d59f0b4c.html,"数据服务,区块链 / 不需要融资 / 50-150人",“房补 员工福利 前瞻技术”
29,8971230,php开发工程师,7k-10k,120874248,一天膳事,https://www.lagou.com/jobs/8971230.html?show=b6b910cafb5c4d0098753953a5d6a6e1,2021-06-11,,,经验1-3年 / 本科,https://www.lagou.com/gongsi/v1/e245f6d3a8703e7c03c0a096ba5b02c062114bf4c22c64db17ea4746c063bbe7.html,"电商,企业服务 / 天使轮 / 50-150人",“办公环境舒适、园区餐厅有餐补”
30,8550542,php开发工程师,10k-18k,152004,北京阿甘达,https://www.lagou.com/jobs/8550542.html?show=b6b910cafb5c4d0098753953a5d6a6e1,1天前发布,,,经验1-3年 / 大专,https://www.lagou.com/gongsi/v1/5ca74d9508998a2c75be3b91cb486cbf522a0ccc2e6416a5.html,"移动互联网,电商 / A轮 / 15-50人",“早九晚六，周日单休，法定假日加班补贴，生日会”
31,8058040,php工程师,15k-18k,122322818,庚申电子,https://www.lagou.com/jobs/8058040.html?show=b6b910cafb5c4d0098753953a5d6a6e1,2021-06-12,,,经验1-3年 / 本科,https://www.lagou.com/gongsi/v1/d4bf525d08a02a255c27249f4b83df518eae11f3ca946970628b2013376860f4.html,"硬件,软件开发 / 未融资 / 50-150人",“团队精神，更推崇快乐的工作氛围。”
32,3322293,php开发工程师,5k-10k,122775,易客来,https://www.lagou.com/jobs/3322293.html?show=b6b910cafb5c4d0098753953a5d6a6e1,2021-06-11,,,经验1-3年 / 大专,https://www.lagou.com/gongsi/v1/83e37f28700c277d92323e7bf9ebaf017bee5b0b9f9a7f72.html,"营销服务｜咨询,科技金融 / 未融资 / 15-50人","“周末双休,餐饮补贴”"
33,7554707,PHP后台开发(应届),5k-10k,312260,云启星辰,https://www.lagou.com/jobs/7554707.html?show=b6b910cafb5c4d0098753953a5d6a6e1,2021-06-11,,,经验1年以下 / 本科,https://www.lagou.com/gongsi/v1/035bd69d8bd6e539b0bbc3b37cc58d58cecb59aef9a73d11.html,软件服务｜咨询 / B轮 / 15-50人,"“福利待遇好,大咖顾问多,团队氛围好”"
34,8634292,php开发工程师,10k-15k,479297,友迅科技,https://www.lagou.com/jobs/8634292.html?show=b6b910cafb5c4d0098753953a5d6a6e1,2021-06-11,,,经验1-3年 / 大专,https://www.lagou.com/gongsi/v1/2f637aa96442c4f9edbffe4c5caa5cad5b678ef6b6667fd5.html,"社交平台,IT技术服务｜咨询 / 不需要融资 / 50-150人",“平等友爱 项目奖金 车补房补 13薪 下午茶”
35,8117634,中高级php开发工程师,15k-25k,122429307,Stepone,https://www.lagou.com/jobs/8117634.html?show=b6b910cafb5c4d0098753953a5d6a6e1,2021-06-11,,,经验1-3年 / 本科,https://www.lagou.com/gongsi/v1/490b52e1822c4e65ccfb799246d311c0ef466c42489d513546779d89c3475365.html,企业服务 / A轮 / 50-150人,“五险一金 大牛带队 定期团建 节日福利”
36,8822941,php开发工程师,10k-18k,128999,北京华云天下科技有限公司,https://www.lagou.com/jobs/8822941.html?show=b6b910cafb5c4d0098753953a5d6a6e1,2021-06-11,,,经验1-3年 / 本科,https://www.lagou.com/gongsi/v1/22ece0af06696a226285c5c22ab4d5a44cb3678bbca9a29a.html,"数据服务,移动互联网 / 不需要融资 / 50-150人",“领导nice”
37,8969738,php开发工程师,9k-15k,584869,普赛睿,https://www.lagou.com/jobs/8969738.html?show=b6b910cafb5c4d0098753953a5d6a6e1,2021-06-11,,,经验1-3年 / 本科,https://www.lagou.com/gongsi/v1/2f68145d6e92239c4b8208379bae44d71babb6a5e76bfb1b.html,"医疗丨健康,其他 / 不需要融资 / 50-150人",“薪资高于行业标准； 提供六险一金，带薪假等；”
38,8776202,php高级开发工程师,15k-20k,4112,韩创科技,https://www.lagou.com/jobs/8776202.html?show=b6b910cafb5c4d0098753953a5d6a6e1,2021-06-11,,,经验1-3年 / 大专,https://www.lagou.com/gongsi/v1/364ee8eded360a2bac278c6f4728f031b2ddd4aec6befc41.html,内容社区 / 不需要融资 / 500-2000人,“热门行业 公司好 成长机会多 不提倡加班”
39,8605514,php开发工程师,12k-20k,122370569,子蓝信息,https://www.lagou.com/jobs/8605514.html?show=b6b910cafb5c4d0098753953a5d6a6e1,2021-06-11,,,经验1-3年 / 本科,https://www.lagou.com/gongsi/v1/f6ba68869eb89162620ac7ba757c896e0dcabaee8b43a6cbd1f9ade57006de32.html,IT技术服务｜咨询 / 不需要融资 / 150-500人,“包吃，五险一金，带薪年假，”
40,7305098,php工程师,8k-13k,352383,畅销家,https://www.lagou.com/jobs/7305098.html?show=b6b910cafb5c4d0098753953a5d6a6e1,2021-06-11,,,经验1-3年 / 大专,https://www.lagou.com/gongsi/v1/1151919676838987df1077e294ee7ad3b2be33099f23c132.html,"软件服务｜咨询,营销服务｜咨询 / 不需要融资 / 50-150人","“前景好，氛围好,成长快”"
41,8939517,PHP初级工程师,7k-10k,466067,麦凯莱,https://www.lagou.com/jobs/8939517.html?show=b6b910cafb5c4d0098753953a5d6a6e1,2021-06-11,,,经验1-3年 / 大专,https://www.lagou.com/gongsi/v1/186cf522d95b447ece3a7a759ead26e92364ced074097a81.html,"电商,其他 / B轮 / 500-2000人",“技术栈丰富”
42,8713169,php开发工程师,10k-16k,24995,泛微,https://www.lagou.com/jobs/8713169.html?show=b6b910cafb5c4d0098753953a5d6a6e1,2021-06-11,,,经验1-3年 / 本科,https://www.lagou.com/gongsi/v1/0a5de0f87b1f08bc31695a6b4f6181b22fcd9c63d0ecc3e5.html,软件服务｜咨询 / 上市公司 / 2000人以上,“包三餐，提供下午茶，周末双休，五险一金”
43,8964679,php工程师,15k-20k,122071759,辉跃语游,https://www.lagou.com/jobs/8964679.html?show=b6b910cafb5c4d0098753953a5d6a6e1,2021-06-11,,,经验1-3年 / 大专,https://www.lagou.com/gongsi/v1/1a200c7c41e162ed3f23997802e63019007ea7cc06d465aba929e824e750cf47.html,数据服务｜咨询 / 未融资 / 15-50人,“产品已上线，团队技术力量强大，资金实力雄厚”
44,8967117,php开发工程师,20k-30k,594355,盒子创新,https://www.lagou.com/jobs/8967117.html?show=b6b910cafb5c4d0098753953a5d6a6e1,2021-06-11,,,经验1-3年 / 本科,https://www.lagou.com/gongsi/v1/e4361d6ed69e887c6487a6804ad5f004cf5e6df62c66ddcb.html,社交平台 / 天使轮 / 500-2000人,“发展前景好 工作时间自由 团队氛围好”
45,8550578,php开发工程师,8k-12k,152004,北京阿甘达,https://www.lagou.com/jobs/8550578.html?show=b6b910cafb5c4d0098753953a5d6a6e1,1天前发布,,,经验1-3年 / 大专,https://www.lagou.com/gongsi/v1/fd36508d74dc2387ab5cd6998204716c0b68a83bf008581a.html,"移动互联网,电商 / A轮 / 15-50人",“早九晚六，周日单休，法定假日加班补贴，生日会”
46,8916119,PHP/MYSQL WEB高级开发工程师,9k-15k,584869,普赛睿,https://www.lagou.com/jobs/8916119.html?show=b6b910cafb5c4d0098753953a5d6a6e1,2021-06-11,,,经验1-3年 / 本科,https://www.lagou.com/gongsi/v1/5e52b6f0a5717c6e32ed0e82a12b0ac63c8a12a78d523de0.html,"医疗丨健康,其他 / 不需要融资 / 50-150人",“薪资高于行业标准； 提供六险一金，带薪假等；”
47,8967960,php开发工程师,15k-25k,176208,丽立,https://www.lagou.com/jobs/8967960.html?show=b6b910cafb5c4d0098753953a5d6a6e1,2021-06-11,,,经验1-3年 / 本科,https://www.lagou.com/gongsi/v1/b2cec6a2b05e1bb6cc833ef7c6e779beeed4d25b80085178.html,"移动互联网,金融 / 不需要融资 / 50-150人",“年底双薪 双休”
48,7494286,php开发工程师,8k-10k,306285,南京奇炫欢享网络技术有限公司,https://www.lagou.com/jobs/7494286.html?show=b6b910cafb5c4d0098753953a5d6a6e1,2021-06-11,,,经验1-3年 / 大专,https://www.lagou.com/gongsi/v1/4a92bd0123af3fad12cd425dd5f1d94f6183c7701a9834d8.html,"移动互联网,游戏 / 未融资 / 15-50人",“周末双休、五险一金、年终奖、国内外旅游”
49,8769243,php后端开发工程师,8k-16k,130831,广州凡岛网络科技有限公司,https://www.lagou.com/jobs/8769243.html?show=b6b910cafb5c4d0098753953a5d6a6e1,2021-06-11,,,经验1-3年 / 大专,https://www.lagou.com/gongsi/v1/db6e2bdebfb562cc41462d23b3c11cacb85efd7a0799580c.html,"电商,广告营销 / 未融资 / 500-2000人",“六险一金、带薪假期、发展空间大”
50,8962212,php后端开发工程师,8k-14k,122136314,华通广益,https://www.lagou.com/jobs/8962212.html?show=b6b910cafb5c4d0098753953a5d6a6e1,2021-06-11,,,经验1-3年 / 大专,https://www.lagou.com/gongsi/v1/5fc64c3deebffa9649c1d92dca46b51ffb357e8de9832ad6ccd0e252cba8a686.html,"信息安全,人工智能 / 未融资 / 50-150人",“公司发展稳定，有良好的晋升通道及福利”
51,8650135,php,8k-12k,120821973,高凡人才咨询,https://www.lagou.com/jobs/8650135.html?show=b6b910cafb5c4d0098753953a5d6a6e1,2021-06-11,,,经验1-3年 / 本科,https://www.lagou.com/gongsi/v1/885d46b9ccaf3f187727c85d1d954e18a55346334c271ef3917534ae664408c3.html,"企业服务,物联网 / 未融资 / 500-2000人",“五险一金 年终奖 项目奖金”
52,8804028,PHP后台研发工程师,10k-15k,123310029,爱奎光学,https://www.lagou.com/jobs/8804028.html?show=b6b910cafb5c4d0098753953a5d6a6e1,2021-06-10,,,经验1-3年 / 本科,https://www.lagou.com/gongsi/v1/41cf01e39d0619bb06ef09b870bcc1622a3cc8b1a86c44fb9afe7f7d1ebe4f6a.html,"生活服务,电商平台,人工智能服务 / 不需要融资 / 15-50人",“外企工作氛围、补充公积金、成长空间大”
53,8963918,初级PHP工程师,12k-18k,118449161,红毛猩猩,https://www.lagou.com/jobs/8963918.html?show=b6b910cafb5c4d0098753953a5d6a6e1,2021-06-10,,,经验1-3年 / 大专,https://www.lagou.com/gongsi/v1/e69d742147755e5411882b4e141fcfad56daf02d41b2afb0f42250c18848b3ff.html,营销服务｜咨询 / A轮 / 15-50人,“双休，弹性上下班”
54,8963518,PHP网站开发工程师,7k-12k,120766351,比特区块链,https://www.lagou.com/jobs/8963518.html?show=b6b910cafb5c4d0098753953a5d6a6e1,2021-06-10,,,经验1-3年 / 大专,https://www.lagou.com/gongsi/v1/061cc5c6226caf91d7e39c06b15a23919d51066258f60223ba8db8f473063b73.html,电商 / 不需要融资 / 少于15人,“五险一金”
55,8963193,php开发工程师,20k-40k,122269941,智通美瀚人力资源,https://www.lagou.com/jobs/8963193.html?show=b6b910cafb5c4d0098753953a5d6a6e1,2021-06-10,,,经验1-3年 / 本科,https://www.lagou.com/gongsi/v1/972e918b6f10782d135bc3ad780f507a7f0f0dfa9c7f3e074343592aa124b587.html,企业服务 / 未融资 / 2000人以上,“大型互联网企业招聘PHP开发工程师，双休”
56,40621,PHP软件开发工程师,7k-11k,1918,诺特软件开发,https://www.lagou.com/jobs/40621.html?show=b6b910cafb5c4d0098753953a5d6a6e1,2021-06-10,,,经验1-3年 / 大专,https://www.lagou.com/gongsi/v1/faff9484a9d5449a6e4134880209574dc5d9c423ba8f002d.html,"软件服务｜咨询,IT技术服务｜咨询 / 上市公司 / 50-150人",“外资福利完善，技术高新，工作环境舒适”
57,8853195,PHP开发工程师,10k-15k,174450,深海游戏,https://www.lagou.com/jobs/8853195.html?show=b6b910cafb5c4d0098753953a5d6a6e1,2021-06-10,,,经验1-3年 / 本科,https://www.lagou.com/gongsi/v1/0500f44d27141502378dde7731cd8f95aa39c422bb24a69f.html,游戏 / 未融资 / 150-500人,“包三餐、下午茶、优质项目、大牛带飞”
58,8936145,PHP软件开发工程师,8k-13k,244005,jqmkj,https://www.lagou.com/jobs/8936145.html?show=b6b910cafb5c4d0098753953a5d6a6e1,2021-06-10,,,经验1-3年 / 本科,https://www.lagou.com/gongsi/v1/2b0f38fe47d005c67a732709b2a4d712008144564c92f4cd.html,"硬件,数据服务 / 不需要融资 / 150-500人",“提供住宿 年终奖 每年调薪 五险一金等”
59,6381602,php程序员,7k-10k,114904,南京百舸信息科技有限公司,https://www.lagou.com/jobs/6381602.html?show=b6b910cafb5c4d0098753953a5d6a6e1,2021-06-10,,,经验1-3年 / 本科,https://www.lagou.com/gongsi/v1/733f022c2c797cecaf9159b492fe5c999ca8ca94fe25c1c0.html,"软件服务｜咨询,IT技术服务｜咨询 / 未融资 / 少于15人","“绩效奖金,全勤奖,年度旅游,年底多薪”"
60,7191200,PHP开发工程师（天津）,8k-15k,36984,谷川联行,https://www.lagou.com/jobs/7191200.html?show=b6b910cafb5c4d0098753953a5d6a6e1,2021-06-10,,,经验1-3年 / 大专,https://www.lagou.com/gongsi/v1/1978536f1f6d88b31f85a1e663b83fb7ca99b71e5c3cf22a.html,营销服务｜咨询 / 不需要融资 / 150-500人,“五险一金 周末双休”
61,8959016,php开发工程师,8k-15k,153746,宁波思艾特软件有限公司,https://www.lagou.com/jobs/8959016.html?show=b6b910cafb5c4d0098753953a5d6a6e1,2021-06-10,,,经验1-3年 / 本科,https://www.lagou.com/gongsi/v1/5a13a91a6fca9e2df8070c2f0023c7b88bab6a7571d5b8cb.html,"移动互联网,企业服务 / 不需要融资 / 50-150人",“新岗位”
62,7450303,php后端开发工程师,10k-15k,275287,金字塔教育咨询,https://www.lagou.com/jobs/7450303.html?show=b6b910cafb5c4d0098753953a5d6a6e1,2021-06-10,,,经验1-3年 / 大专,https://www.lagou.com/gongsi/v1/0b27ee47259fdeba147e44d709b3dc8658ab2adc7dcf4e07.html,专业服务｜咨询 / 未融资 / 15-50人,“成熟的开发团队，五险一金、双休，年终奖”
63,8601116,php开发工程师,14k-17k,176185,多彩互动,https://www.lagou.com/jobs/8601116.html?show=b6b910cafb5c4d0098753953a5d6a6e1,2021-06-10,,,经验1-3年 / 本科,https://www.lagou.com/gongsi/v1/57b9fd07eebf25a800dcf0aff101a0658fd4760d953a1126.html,营销服务｜咨询 / 未融资 / 500-2000人,“团队氛围轻松”
64,8958597,php开发工程师,8k-16k,457529,萌友游戏,https://www.lagou.com/jobs/8958597.html?show=b6b910cafb5c4d0098753953a5d6a6e1,2021-06-10,,,经验1-3年 / 大专,https://www.lagou.com/gongsi/v1/e1ab27d51273e7bfed4e7598d8aa3e72abab20e38baed7e7.html,游戏 / 未融资 / 50-150人,“每年多次调薪机会，你的能力决定你的薪资上限”
65,8734721,php开发工程师,8k-10k,123181103,通联支付江西分公司,https://www.lagou.com/jobs/8734721.html?show=b6b910cafb5c4d0098753953a5d6a6e1,2021-06-10,,,经验1-3年 / 本科,https://www.lagou.com/gongsi/v1/6689b354014dda1a92eafc90dd62d5525c14819247271663c266842ebbff54eb.html,"工具类产品,软件服务｜咨询,科技金融 / 不需要融资 / 2000人以上",“周末双休、五险一金、年底双薪、免费工作餐、”
66,3142463,PHP 开发工程师,6k-12k,205085,迈尔斯,https://www.lagou.com/jobs/3142463.html?show=b6b910cafb5c4d0098753953a5d6a6e1,2021-06-09,,,经验1-3年 / 不限,https://www.lagou.com/gongsi/v1/5980669c49ffad96c8af9a27727420c73993ff36ff909264.html,"移动互联网,企业服务 / 未融资 / 少于15人","“氛围轻松,弹性工作,股权激励”"
67,7383481,（中/高级）PHP开发工程师,13k-25k,24984,医联,https://www.lagou.com/jobs/7383481.html?show=b6b910cafb5c4d0098753953a5d6a6e1,2021-06-09,,,经验1-3年 / 本科,https://www.lagou.com/gongsi/v1/33c78a0ebca88a558d965623567ab0137654902960a117df.html,"社交平台,在线医疗 / D轮及以上 / 500-2000人",“独角兽企业 互联网医疗风口 准上市”
68,6443680,php,8k-15k,40852,齐数科技（上海）有限公司,https://www.lagou.com/jobs/6443680.html?show=b6b910cafb5c4d0098753953a5d6a6e1,2021-06-09,,,经验1-3年 / 大专,https://www.lagou.com/gongsi/v1/475dbffe1ac6a8eddd328191ae498302b6243cf0692b27f8.html,"软件服务｜咨询,营销服务｜咨询 / 未融资 / 50-150人",“周末双休、五险一金、节假福利、出国旅游”
69,8631698,php开发工程师,12k-20k,293540,51JOB,https://www.lagou.com/jobs/8631698.html?show=b6b910cafb5c4d0098753953a5d6a6e1,2021-06-09,,,经验1-3年 / 本科,https://www.lagou.com/gongsi/v1/439b87b5aa10032eaca07c4e175e753a9d3d88a3b9855900.html,工具类产品 / 上市公司 / 2000人以上,“机会多多，挑战十足”
70,8141488,php开发工程师,8k-15k,262567,通捷创科,https://www.lagou.com/jobs/8141488.html?show=b6b910cafb5c4d0098753953a5d6a6e1,2021-06-09,,,经验1-3年 / 不限,https://www.lagou.com/gongsi/v1/7dfe42a941f6acb0caba79c55cd4ea43f25c6db959f387c2.html,"电商平台,软件服务｜咨询,营销服务｜咨询 / 未融资 / 少于15人",“氛围好，有发展”
71,8954208,php工程师,5k-8k,63850,天迅达科技,https://www.lagou.com/jobs/8954208.html?show=b6b910cafb5c4d0098753953a5d6a6e1,2021-06-09,,,经验1-3年 / 大专,https://www.lagou.com/gongsi/v1/b2ad0cc7fa82838248b48ed725b1c2c9ee8e1eebe114bc24.html,"移动互联网,电商 / 不需要融资 / 15-50人",“团队合作融洽公司业务稳定”
72,8954189,php开发工程师,15k-20k,121769982,冰鉴人才,https://www.lagou.com/jobs/8954189.html?show=b6b910cafb5c4d0098753953a5d6a6e1,2021-06-09,,,经验1-3年 / 本科,https://www.lagou.com/gongsi/v1/f754f4513ffda3aef40795b2b5f9680c894239d75c2424ea97aa1e62a8a3cf18.html,"工具类产品,专业服务｜咨询 / 未融资 / 50-150人",“五险一金、双休、节日福利、带薪年假等”
73,8853210,PHP开发工程师,7k-9k,122515413,筑云科技,https://www.lagou.com/jobs/8853210.html?show=b6b910cafb5c4d0098753953a5d6a6e1,2021-06-09,,,经验1-3年 / 大专,https://www.lagou.com/gongsi/v1/cd75ea997f0eec797e1155d9d98f104b7eec0c3260d413383d895f0055f00a2b.html,软件开发、物联网 / 未融资 / 50-150人,“五险一金、绩效、年终奖、节日福利、周末双休”
74,8162531,PHP开发工程师,10k-20k,5832,微博,https://www.lagou.com/jobs/8162531.html?show=b6b910cafb5c4d0098753953a5d6a6e1,2021-06-09,,,经验1-3年 / 本科,https://www.lagou.com/gongsi/v1/c405769f5c0b047c54e793cd3e2785f2dfeddbc6ec1c1b73.html,社交媒体 / 上市公司 / 2000人以上,“免费早餐，免费健身房健身课，通勤车”
75,7191200,PHP开发工程师（天津）,8k-15k,36984,谷川联行,https://www.lagou.com/jobs/7191200.html?show=b6b910cafb5c4d0098753953a5d6a6e1,2021-06-10,,,经验1-3年 / 大专,https://www.lagou.com/gongsi/v1/1978536f1f6d88b31f85a1e663b83fb7ca99b71e5c3cf22a.html,营销服务｜咨询 / 不需要融资 / 150-500人,“五险一金 周末双休”
76,8959016,php开发工程师,8k-15k,153746,宁波思艾特软件有限公司,https://www.lagou.com/jobs/8959016.html?show=b6b910cafb5c4d0098753953a5d6a6e1,2021-06-10,,,经验1-3年 / 本科,https://www.lagou.com/gongsi/v1/5a13a91a6fca9e2df8070c2f0023c7b88bab6a7571d5b8cb.html,"移动互联网,企业服务 / 不需要融资 / 50-150人",“新岗位”
77,7450303,php后端开发工程师,10k-15k,275287,金字塔教育咨询,https://www.lagou.com/jobs/7450303.html?show=b6b910cafb5c4d0098753953a5d6a6e1,2021-06-10,,,经验1-3年 / 大专,https://www.lagou.com/gongsi/v1/0b27ee47259fdeba147e44d709b3dc8658ab2adc7dcf4e07.html,专业服务｜咨询 / 未融资 / 15-50人,“成熟的开发团队，五险一金、双休，年终奖”
78,8601116,php开发工程师,14k-17k,176185,多彩互动,https://www.lagou.com/jobs/8601116.html?show=b6b910cafb5c4d0098753953a5d6a6e1,2021-06-10,,,经验1-3年 / 本科,https://www.lagou.com/gongsi/v1/57b9fd07eebf25a800dcf0aff101a0658fd4760d953a1126.html,营销服务｜咨询 / 未融资 / 500-2000人,“团队氛围轻松”
79,8958597,php开发工程师,8k-16k,457529,萌友游戏,https://www.lagou.com/jobs/8958597.html?show=b6b910cafb5c4d0098753953a5d6a6e1,2021-06-10,,,经验1-3年 / 大专,https://www.lagou.com/gongsi/v1/e1ab27d51273e7bfed4e7598d8aa3e72abab20e38baed7e7.html,游戏 / 未融资 / 50-150人,“每年多次调薪机会，你的能力决定你的薪资上限”
80,8734721,php开发工程师,8k-10k,123181103,通联支付江西分公司,https://www.lagou.com/jobs/8734721.html?show=b6b910cafb5c4d0098753953a5d6a6e1,2021-06-10,,,经验1-3年 / 本科,https://www.lagou.com/gongsi/v1/6689b354014dda1a92eafc90dd62d5525c14819247271663c266842ebbff54eb.html,"工具类产品,软件服务｜咨询,科技金融 / 不需要融资 / 2000人以上",“周末双休、五险一金、年底双薪、免费工作餐、”
81,3142463,PHP 开发工程师,6k-12k,205085,迈尔斯,https://www.lagou.com/jobs/3142463.html?show=b6b910cafb5c4d0098753953a5d6a6e1,2021-06-09,,,经验1-3年 / 不限,https://www.lagou.com/gongsi/v1/5980669c49ffad96c8af9a27727420c73993ff36ff909264.html,"移动互联网,企业服务 / 未融资 / 少于15人","“氛围轻松,弹性工作,股权激励”"
82,7383481,（中/高级）PHP开发工程师,13k-25k,24984,医联,https://www.lagou.com/jobs/7383481.html?show=b6b910cafb5c4d0098753953a5d6a6e1,2021-06-09,,,经验1-3年 / 本科,https://www.lagou.com/gongsi/v1/33c78a0ebca88a558d965623567ab0137654902960a117df.html,"社交平台,在线医疗 / D轮及以上 / 500-2000人",“独角兽企业 互联网医疗风口 准上市”
83,6443680,php,8k-15k,40852,齐数科技（上海）有限公司,https://www.lagou.com/jobs/6443680.html?show=b6b910cafb5c4d0098753953a5d6a6e1,2021-06-09,,,经验1-3年 / 大专,https://www.lagou.com/gongsi/v1/475dbffe1ac6a8eddd328191ae498302b6243cf0692b27f8.html,"软件服务｜咨询,营销服务｜咨询 / 未融资 / 50-150人",“周末双休、五险一金、节假福利、出国旅游”
84,8631698,php开发工程师,12k-20k,293540,51JOB,https://www.lagou.com/jobs/8631698.html?show=b6b910cafb5c4d0098753953a5d6a6e1,2021-06-09,,,经验1-3年 / 本科,https://www.lagou.com/gongsi/v1/439b87b5aa10032eaca07c4e175e753a9d3d88a3b9855900.html,工具类产品 / 上市公司 / 2000人以上,“机会多多，挑战十足”
85,8141488,php开发工程师,8k-15k,262567,通捷创科,https://www.lagou.com/jobs/8141488.html?show=b6b910cafb5c4d0098753953a5d6a6e1,2021-06-09,,,经验1-3年 / 不限,https://www.lagou.com/gongsi/v1/7dfe42a941f6acb0caba79c55cd4ea43f25c6db959f387c2.html,"电商平台,软件服务｜咨询,营销服务｜咨询 / 未融资 / 少于15人",“氛围好，有发展”
86,8954208,php工程师,5k-8k,63850,天迅达科技,https://www.lagou.com/jobs/8954208.html?show=b6b910cafb5c4d0098753953a5d6a6e1,2021-06-09,,,经验1-3年 / 大专,https://www.lagou.com/gongsi/v1/b2ad0cc7fa82838248b48ed725b1c2c9ee8e1eebe114bc24.html,"移动互联网,电商 / 不需要融资 / 15-50人",“团队合作融洽公司业务稳定”
87,8954189,php开发工程师,15k-20k,121769982,冰鉴人才,https://www.lagou.com/jobs/8954189.html?show=b6b910cafb5c4d0098753953a5d6a6e1,2021-06-09,,,经验1-3年 / 本科,https://www.lagou.com/gongsi/v1/f754f4513ffda3aef40795b2b5f9680c894239d75c2424ea97aa1e62a8a3cf18.html,"工具类产品,专业服务｜咨询 / 未融资 / 50-150人",“五险一金、双休、节日福利、带薪年假等”
88,8853210,PHP开发工程师,7k-9k,122515413,筑云科技,https://www.lagou.com/jobs/8853210.html?show=b6b910cafb5c4d0098753953a5d6a6e1,2021-06-09,,,经验1-3年 / 大专,https://www.lagou.com/gongsi/v1/cd75ea997f0eec797e1155d9d98f104b7eec0c3260d413383d895f0055f00a2b.html,软件开发、物联网 / 未融资 / 50-150人,“五险一金、绩效、年终奖、节日福利、周末双休”
89,8162531,PHP开发工程师,10k-20k,5832,微博,https://www.lagou.com/jobs/8162531.html?show=b6b910cafb5c4d0098753953a5d6a6e1,2021-06-09,,,经验1-3年 / 本科,https://www.lagou.com/gongsi/v1/c405769f5c0b047c54e793cd3e2785f2dfeddbc6ec1c1b73.html,社交媒体 / 上市公司 / 2000人以上,“免费早餐，免费健身房健身课，通勤车”
90,8303442,中/高级php开发工程师,20k-40k,24984,医联,https://www.lagou.com/jobs/8303442.html?show=b6b910cafb5c4d0098753953a5d6a6e1,2021-06-09,,,经验1-3年 / 本科,https://www.lagou.com/gongsi/v1/2de9c8d7bd7fc5c7d446ad13d708affa4b4ed19ad9eadfb7.html,"社交平台,在线医疗 / D轮及以上 / 500-2000人",“独角兽企业 互联网医疗风口 准上市”
91,8954119,php开发,15k-25k,121769982,冰鉴人才,https://www.lagou.com/jobs/8954119.html?show=b6b910cafb5c4d0098753953a5d6a6e1,2021-06-09,,,经验1-3年 / 本科,https://www.lagou.com/gongsi/v1/fa5521ae42ea2469e3e69b53c5d489da6c6296a280ae5df6ba0fc4b6b17dc269.html,"工具类产品,专业服务｜咨询 / 未融资 / 50-150人",“五险一金定期体检年终奖带薪年假交通补助”
92,7914532,php开发工程师,12k-18k,36403,中青在线,https://www.lagou.com/jobs/7914532.html?show=b6b910cafb5c4d0098753953a5d6a6e1,2021-06-09,,,经验1-3年 / 本科,https://www.lagou.com/gongsi/v1/47b013354b906ef8cfbe8ffcf615332bcf8f2b5aa8bb582e.html,内容资讯 / 不需要融资 / 150-500人,“中央级单位 六险一金 13薪”
93,8218682,php开发工程师,7k-10k,482345,小五科技,https://www.lagou.com/jobs/8218682.html?show=b6b910cafb5c4d0098753953a5d6a6e1,2021-06-09,,,经验1-3年 / 大专,https://www.lagou.com/gongsi/v1/bbbdf66848429a08473b273a2726ac80804145340adab26c.html,"移动互联网,文娱丨内容 / 未融资 / 150-500人",“不是外包不是外包不是外包”
94,7977532,php开发,7k-9k,412506,邦耀科技,https://www.lagou.com/jobs/7977532.html?show=b6b910cafb5c4d0098753953a5d6a6e1,2021-06-09,,,经验1-3年 / 本科,https://www.lagou.com/gongsi/v1/4580dcea288c9ec83987a7bf5776f4a99098a88123e314e5.html,"IT技术服务｜咨询,游戏 / 未融资 / 50-150人",“高薪职位，团队大牛，岗位晋升”
95,6531725,php开发工程师,8k-10k,556095,依琪信息科技,https://www.lagou.com/jobs/6531725.html?show=b6b910cafb5c4d0098753953a5d6a6e1,2021-06-09,,,经验1-3年 / 大专,https://www.lagou.com/gongsi/v1/1352773985580760839e1e75d449e07c2762de0c4cf04b61.html,电商平台 / 不需要融资 / 50-150人,“五险一金 带薪年假 全勤奖 工龄奖”
96,5929353,高级开发工程师（PHP）,13k-25k,190521,中电信息,https://www.lagou.com/jobs/5929353.html?show=b6b910cafb5c4d0098753953a5d6a6e1,2021-06-09,,,经验1-3年 / 大专,https://www.lagou.com/gongsi/v1/1924dca112c5fff4346e5b70e552600577ac6c58154d1358.html,"移动互联网,金融 / A轮 / 150-500人",“话补、饭餐补贴、社保”
97,7202819,PHP实施工程师,8k-15k,153116,讯康,https://www.lagou.com/jobs/7202819.html?show=b6b910cafb5c4d0098753953a5d6a6e1,2021-06-09,,,经验1-3年 / 本科,https://www.lagou.com/gongsi/v1/8acfa50f10c66af277dfa8baae5de94d107509bebdd5a6de.html,移动互联网 / B轮 / 150-500人,“工作氛围好上升空间大福利待遇好周末双休”
98,7892579,php开发工程师,6k-10k,122099392,新捷睿智能装备（苏州）股份有限公司,https://www.lagou.com/jobs/7892579.html?show=b6b910cafb5c4d0098753953a5d6a6e1,2021-06-09,,,经验1-3年 / 大专,https://www.lagou.com/gongsi/v1/ea7e3276cbb67ba76ecacaf3f468df1375c2f0480854f3382ea47c2bb7aab84f.html,"软件开发,物联网 / 不需要融资 / 15-50人",“智能 智造”
99,8920287,php开发工程师,15k-23k,121847946,金磁石,https://www.lagou.com/jobs/8920287.html?show=b6b910cafb5c4d0098753953a5d6a6e1,2021-06-08,,,经验1-3年 / 本科,https://www.lagou.com/gongsi/v1/d775566d64b39826a0f7a5c3e07ca0833db31e5bf77cef83f2b20fb4827c4cf3.html,企业服务 / 不需要融资 / 50-150人,“小满科技猎头职位”
100,8549028,PHP开发工程师,7k-12k,81650,百川通联,https://www.lagou.com/jobs/8549028.html?show=b6b910cafb5c4d0098753953a5d6a6e1,2021-06-08,,,经验1-3年 / 本科,https://www.lagou.com/gongsi/v1/4828821306094bffc6b0f31b51be18cd98e97c557cba1797.html,"移动互联网,广告营销 / A轮 / 50-150人",“周末双休，工作八小时，五险一金，工作日餐补。”
101,8942687,PHP研发工程师 (MJ000261),15k-20k,21643,融360,https://www.lagou.com/jobs/8942687.html?show=b6b910cafb5c4d0098753953a5d6a6e1,2021-06-08,,,经验1-3年 / 本科,https://www.lagou.com/gongsi/v1/e435b1a11cc0f76b35bef0e6e55878c7cbd1f56317dcdb44.html,科技金融 / 上市公司 / 500-2000人,“六险一金，15天带薪年假，底薪丰厚，工作稳定”
102,6535264,PHP程序员,6k-8k,331674,广西普盈,https://www.lagou.com/jobs/6535264.html?show=b6b910cafb5c4d0098753953a5d6a6e1,2021-06-08,,,经验1-3年 / 大专,https://www.lagou.com/gongsi/v1/933819fb1cc432c94a557a278ddcb726b8d638d8d22ede13.html,"移动互联网,企业服务 / 不需要融资 / 150-500人",“广阔的职业提升空间、公平的晋升机制”
103,6097952,php开发工程师,15k-17k,5538,正邦创意,https://www.lagou.com/jobs/6097952.html?show=b6b910cafb5c4d0098753953a5d6a6e1,2021-06-08,,,经验1-3年 / 本科,https://www.lagou.com/gongsi/v1/4a25963b0b96a4a2d9185dd1adc15df9d52a695378320f0b.html,"移动互联网,广告营销 / 不需要融资 / 500-2000人",“777人专业团队，服务500强”
104,8380949,php开发工程师,15k-22k,158149,创世云科技,https://www.lagou.com/jobs/8380949.html?show=b6b910cafb5c4d0098753953a5d6a6e1,2021-06-08,,,经验1-3年 / 本科,https://www.lagou.com/gongsi/v1/e4f3bc220e06d88fbdbf8c61238b9f1ab3d3eca62099b4ff.html,IT技术服务｜咨询 / 未融资 / 50-150人,“团队nice 福利待遇好”
105,7645919,php开发工程师,15k-20k,158149,创世云科技,https://www.lagou.com/jobs/7645919.html?show=b6b910cafb5c4d0098753953a5d6a6e1,2021-06-08,,,经验1-3年 / 本科,https://www.lagou.com/gongsi/v1/f7a6ef97b78628c6a3e660a127c44580aa362b48508a307a.html,IT技术服务｜咨询 / 未融资 / 50-150人,“领导nice，福利待遇优”
106,8889723,php开发工程师,10k-13k,121857575,博彦科技,https://www.lagou.com/jobs/8889723.html?show=b6b910cafb5c4d0098753953a5d6a6e1,2021-06-08,,,经验1-3年 / 大专,https://www.lagou.com/gongsi/v1/0c84e9a247b7847be0867ba074f28ee736ccf5c29dc961863aad419417964d44.html,IT技术服务｜咨询 / 上市公司 / 2000人以上,“加班费，大型游戏，大公司，办公环境优越”
107,8635615,php开发工程师,5k-8k,123131064,青岛龙采,https://www.lagou.com/jobs/8635615.html?show=b6b910cafb5c4d0098753953a5d6a6e1,2021-06-08,,,经验1-3年 / 大专,https://www.lagou.com/gongsi/v1/6aa45aed86c488eae822d4de7f6bbde5eadb8eb21667fb7c2dd504214937c1b0.html,"IT技术服务｜咨询,软件服务｜咨询 / 不需要融资 / 15-50人",“开发工程师-主管-总监”
108,6549262,php开发工程师,7k-12k,21181,多麦,https://www.lagou.com/jobs/6549262.html?show=b6b910cafb5c4d0098753953a5d6a6e1,2021-06-08,,,经验1-3年 / 本科,https://www.lagou.com/gongsi/v1/7e5134c5372fcada0115e225aec798d5fe140e6f10751235.html,营销服务｜咨询 / 上市公司 / 150-500人,"“周末双休,餐补+交补,国内外旅游”"
109,8812802,php开发工程师,7k-12k,21864,乐推网络,https://www.lagou.com/jobs/8812802.html?show=b6b910cafb5c4d0098753953a5d6a6e1,2021-06-08,,,经验1-3年 / 本科,https://www.lagou.com/gongsi/v1/542e477c34c132bc55f4032279c39955044b18e94508ab02.html,游戏 / 不需要融资 / 150-500人,“公司环境好、福利待遇好”
110,5799702,php开发工程师,8k-12k,124508,格利食品网,https://www.lagou.com/jobs/5799702.html?show=b6b910cafb5c4d0098753953a5d6a6e1,2021-06-08,,,经验1-3年 / 大专,https://www.lagou.com/gongsi/v1/d70fca7c449041af1e85a6edea0574e74362d64e09e9ed0b.html,电商 / 不需要融资 / 50-150人,“0-1打磨产品、加班少、B2B模式、近地铁”
111,8776683,php工程师,6k-10k,123308946,一码教育,https://www.lagou.com/jobs/8776683.html?show=b6b910cafb5c4d0098753953a5d6a6e1,2021-06-08,,,经验1-3年 / 本科,https://www.lagou.com/gongsi/v1/1749739e12185564ac3ec6b19f3889eda9cbfe7f02f3eb3fb3beee7b2cd1a107.html,"人工智能服务,教育｜培训,电商平台 / 未融资 / 50-150人",“团队组建阶段 发展空间大”
112,8316916,php开发工程师,10k-16k,326530,珍岛集团,https://www.lagou.com/jobs/8316916.html?show=b6b910cafb5c4d0098753953a5d6a6e1,2021-06-08,,,经验1-3年 / 本科,https://www.lagou.com/gongsi/v1/4b5bd412a33b69edbc7fb6e3460a5a19eee9f0bdf1d08f42.html,"移动互联网,企业服务 / A轮 / 2000人以上",“晋升空间大，有技术大牛”
113,7433800,php开发工程师,14k-20k,293540,51JOB,https://www.lagou.com/jobs/7433800.html?show=b6b910cafb5c4d0098753953a5d6a6e1,2021-06-08,,,经验1-3年 / 本科,https://www.lagou.com/gongsi/v1/55cc4128c1e1c3c21fdfaa77b9373db17427bbf1f8d4907d.html,工具类产品 / 上市公司 / 2000人以上,“机会多多挑战十足”
114,8780117,php开发工程师,18k-23k,1331,蓝标传媒,https://www.lagou.com/jobs/8780117.html?show=b6b910cafb5c4d0098753953a5d6a6e1,2021-06-07,,,经验1-3年 / 本科,https://www.lagou.com/gongsi/v1/de4739a79be6e989fc4e96759d69385120c344ef63ce8899.html,营销服务｜咨询 / 不需要融资 / 500-2000人,“公司平台大，发展空间大，薪资有竞争力，福利好”
115,8811308,php开发工程师,8k-15k,123327191,玥繁科技,https://www.lagou.com/jobs/8811308.html?show=b6b910cafb5c4d0098753953a5d6a6e1,2021-06-07,,,经验1-3年 / 本科,https://www.lagou.com/gongsi/v1/678d8cab78b9b4596d58b89eb94f26ad4c523e5fd95eb2052e338dcb71580177.html,"软件服务｜咨询,IT技术服务｜咨询,数据服务｜咨询 / 不需要融资 / 15-50人",“独当一面、团队nice、福利齐全、稳健发展”
116,8802282,Magento麦进斗PHP后端开发,8k-13k,84484048,麦进斗,https://www.lagou.com/jobs/8802282.html?show=b6b910cafb5c4d0098753953a5d6a6e1,2021-06-07,,,经验1-3年 / 本科,https://www.lagou.com/gongsi/v1/a179950f4a31ce946486407bf5bcae2e4c9f345b6cb2ef2aaa5e8d7cacd3f4de.html,"电商平台,IT技术服务｜咨询,营销服务｜咨询 / 未融资 / 15-50人",“创新业务，全球化项目，项目合伙”
117,8239905,PHP开发(五险一金、双休）,7k-12k,116683,米拓,https://www.lagou.com/jobs/8239905.html?show=b6b910cafb5c4d0098753953a5d6a6e1,2021-06-07,,,经验1-3年 / 本科,https://www.lagou.com/gongsi/v1/421334f5d5810c8bc754d4ecc6e42d509340d59ab78d78d9.html,企业服务 / 未融资 / 50-150人,“双休 五险一金 年终奖 带薪年假 季度旅游”
118,8853839,php中级开发工程师,25k-28k,1167,新浪乐居,https://www.lagou.com/jobs/8853839.html?show=b6b910cafb5c4d0098753953a5d6a6e1,2021-06-07,,,经验1-3年 / 本科,https://www.lagou.com/gongsi/v1/2e90eef5c9f36f8b113ef8833429433ed9cedab69ff960a2.html,房产家居 / 上市公司 / 2000人以上,“带薪年假，补充医疗保险，通讯补贴，饭补”
119,8937713,php开发工程师,8k-15k,465038,赛奥科传媒,https://www.lagou.com/jobs/8937713.html?show=b6b910cafb5c4d0098753953a5d6a6e1,2021-06-07,,,经验1-3年 / 大专,https://www.lagou.com/gongsi/v1/462316debafaab060b93977057c5064e7a92ec0ed2cb0a34.html,"电商平台,新零售,批发｜零售 / 不需要融资 / 50-150人",“有专业培训”
120,8290199,初级PHP工程师,6k-10k,21181,多麦,https://www.lagou.com/jobs/8290199.html?show=b6b910cafb5c4d0098753953a5d6a6e1,2021-06-08,,,经验1-3年 / 本科,https://www.lagou.com/gongsi/v1/ea1ec415fb16d8dbc0563f466fd844366aa896cba1eea1f2.html,营销服务｜咨询 / 上市公司 / 150-500人,“双休，弹性上班，五险一金，带薪年假”
121,8851025,php开发工程师,12k-18k,3820,Shopex商派,https://www.lagou.com/jobs/8851025.html?show=b6b910cafb5c4d0098753953a5d6a6e1,2021-06-07,,,经验1-3年 / 大专,https://www.lagou.com/gongsi/v1/746f1fe088191557d792bdd3b6a5fa4b3f876f47672ac013.html,"移动互联网,电商 / D轮及以上 / 150-500人",“团队氛围好、发展前景好”
122,8172365,百度翻译PHP开发工程师,19k-35k,1575,百度,https://www.lagou.com/jobs/8172365.html?show=b6b910cafb5c4d0098753953a5d6a6e1,2021-06-07,,,经验1-3年 / 本科,https://www.lagou.com/gongsi/v1/11cea4fe43847989216928e21615aec8e30d4baadcebb4a8.html,"人工智能服务,信息检索,科技金融 / 上市公司 / 2000人以上",“五险一金 双休”
123,6290442,PHP开发工程师/软件园,5k-8k,515211,一路商机网,https://www.lagou.com/jobs/6290442.html?show=b6b910cafb5c4d0098753953a5d6a6e1,2021-06-07,,,经验1-3年 / 大专,https://www.lagou.com/gongsi/v1/adae42b6d73989fcb3f123c6a67bccd8c0b7e173b6ac4cd2.html,"营销服务｜咨询,消费生活 / 未融资 / 50-150人",“五险一金”
124,1752135,PHP软件开发工程师,8k-16k,10189,趣运动,https://www.lagou.com/jobs/1752135.html?show=b6b910cafb5c4d0098753953a5d6a6e1,2021-06-07,,,经验1-3年 / 大专,https://www.lagou.com/gongsi/v1/fd75b0f4fdf31fbd1a635b85b01721fa25fc15d76abcf4eb.html,"移动互联网,消费生活 / C轮 / 50-150人",“六险一金 年终双薪 绩效奖金 零食水果”
125,8935918,php开发工程师,15k-23k,123005669,晟明企业咨询管理,https://www.lagou.com/jobs/8935918.html?show=b6b910cafb5c4d0098753953a5d6a6e1,2021-06-07,,,经验1-3年 / 本科,https://www.lagou.com/gongsi/v1/6c22a272f8f71d45654cb550409015182d93e797fc1e1ae47468a472d5d56fe6.html,专业服务｜咨询 / 未融资 / 15-50人,“深圳市小满科技有限公司”
126,8177260,PHP后端开发工程师,4k-8k,187282,新西南教育,https://www.lagou.com/jobs/8177260.html?show=b6b910cafb5c4d0098753953a5d6a6e1,2021-06-07,,,经验1-3年 / 大专,https://www.lagou.com/gongsi/v1/709665607bbe15d61a8aaac6575015f539681f0b4d4136f6.html,"教育,消费生活 / 不需要融资 / 50-150人",“13年老企业工作稳定、福利多、有保障”
127,8881813,php开发工程师,10k-15k,416705,敦煌智旅,https://www.lagou.com/jobs/8881813.html?show=b6b910cafb5c4d0098753953a5d6a6e1,2021-06-07,,,经验1-3年 / 本科,https://www.lagou.com/gongsi/v1/829f10b45abc7be9dc91707c4f468d0f8d4794d4e37c4930.html,"旅游,移动互联网 / 不需要融资 / 150-500人",“五险一金、定期体检、绩效奖金、带薪休假”
128,8881265,php开发工程师,10k-15k,50124,青瓷,https://www.lagou.com/jobs/8881265.html?show=b6b910cafb5c4d0098753953a5d6a6e1,2021-06-07,,,经验1-3年 / 大专,https://www.lagou.com/gongsi/v1/864c79c62c92df8f66e1da3ed72905214962742712931d68.html,游戏 / 未融资 / 150-500人,“结果导向，可以自己主导工作”
129,7027500,php开发工程师,6k-12k,118021874,质点数字,https://www.lagou.com/jobs/7027500.html?show=b6b910cafb5c4d0098753953a5d6a6e1,2021-06-07,,,经验1-3年 / 大专,https://www.lagou.com/gongsi/v1/ad0cace16f8373f7bc7c93fd4e5905a80a783b48811141e973281ff101642f0c.html,企业服务 移动互联网 / 未融资 / 15-50人,“公司提供明确职业规划、带薪年假、团建旅行”
130,8796296,php开发工程师,5k-9k,123327112,泓宇行舟,https://www.lagou.com/jobs/8796296.html?show=b6b910cafb5c4d0098753953a5d6a6e1,2021-06-07,,,经验1-3年 / 不限,https://www.lagou.com/gongsi/v1/169b54e984790b8057d8a8315a1c8a52f5137a668c452b47cf96e016b8b362dd.html,"工具类产品,IT技术服务｜咨询,营销服务｜咨询 / 未融资 / 少于15人","“创业团队,气氛融洽”"
131,8332368,php/go应用开发工程师,15k-25k,451,腾讯,https://www.lagou.com/jobs/8332368.html?show=b6b910cafb5c4d0098753953a5d6a6e1,2021-06-07,,,经验1-3年 / 本科,https://www.lagou.com/gongsi/v1/25abb15bb8b90bf61920470677efd2d3.html,"游戏,社交媒体,音频｜视频媒体 / 上市公司 / 2000人以上",“大平台，行业前沿，发展机会大，学习资源多”
132,8832700,PHP网站程序员,5k-10k,123366987,木马科技,https://www.lagou.com/jobs/8832700.html?show=b6b910cafb5c4d0098753953a5d6a6e1,2021-06-07,,,经验1-3年 / 大专,https://www.lagou.com/gongsi/v1/f9863f1b87c718ea1301c68842dda2db4330ad6ec2de6e74f566f50449cb570b.html,"IT技术服务｜咨询,软件服务｜咨询,营销服务｜咨询 / 未融资 / 15-50人",“双休、国家法定假日”
133,8669947,php开发工程师,15k-20k,123166995,麦华崃,https://www.lagou.com/jobs/8669947.html?show=b6b910cafb5c4d0098753953a5d6a6e1,2021-06-07,,,经验1-3年 / 大专,https://www.lagou.com/gongsi/v1/0b775ff6b829684d5f69956ce253529fd858d6ea4d99af340ccad94022ad0840.html,IT技术服务｜咨询 / 未融资 / 50-150人,“五险一金，节假日福利，生日福利”
134,7164729,初级php工程师,4k-7k,252382,滴答软件,https://www.lagou.com/jobs/7164729.html?show=b6b910cafb5c4d0098753953a5d6a6e1,2021-06-07,,,经验1年以下 / 本科,https://www.lagou.com/gongsi/v1/28c8e5ca915975b398fa50f3c5ad66703a0dd8c5a9ea2056.html,"移动互联网,电商 / 未融资 / 少于15人","“php,软件开发,互联网”"
135,8932286,php开发工程师,15k-18k,3820,Shopex商派,https://www.lagou.com/jobs/8932286.html?show=b6b910cafb5c4d0098753953a5d6a6e1,2021-06-07,,,经验1-3年 / 大专,https://www.lagou.com/gongsi/v1/28f92bbfc387a0099c09f29257789af3866ced7b9e4b62f8.html,"移动互联网,电商 / D轮及以上 / 150-500人",“阿里京东联合领投”
136,8937268,后端研发工程师(PHP/GO),20k-40k,1575,百度,https://www.lagou.com/jobs/8937268.html?show=b6b910cafb5c4d0098753953a5d6a6e1,2021-06-07,,,经验1-3年 / 本科,https://www.lagou.com/gongsi/v1/21a22d27c5df55f04d8d42cce74d18e890dd632f252b7e43.html,"人工智能服务,信息检索,科技金融 / 上市公司 / 2000人以上",“发展平台”
137,8326558,php/go应用开发工程师,15k-25k,451,腾讯,https://www.lagou.com/jobs/8326558.html?show=b6b910cafb5c4d0098753953a5d6a6e1,2021-06-07,,,经验1-3年 / 本科,https://www.lagou.com/gongsi/v1/5667db39440f050a097846767920289c.html,"游戏,社交媒体,音频｜视频媒体 / 上市公司 / 2000人以上",“大平台，行业前沿，发展机会大，学习资源多”
138,3093607,PHP工程师,8k-12k,78133,墨智网络,https://www.lagou.com/jobs/3093607.html?show=b6b910cafb5c4d0098753953a5d6a6e1,2021-06-07,,,经验1-3年 / 本科,https://www.lagou.com/gongsi/v1/478ed8a4775578b88ceebaf5d80e9391104562bcbcd10ec0.html,"移动互联网,电商 / 未融资 / 15-50人",“发展空间大 公司稳定 项目好 有潜力”
139,6772216,php开发工程师(初级）,7k-13k,674930,快决测,https://www.lagou.com/jobs/6772216.html?show=b6b910cafb5c4d0098753953a5d6a6e1,2021-06-07,,,经验1-3年 / 本科,https://www.lagou.com/gongsi/v1/2136e91abde041d94e751e090c785efc153425ca39496de3.html,软件服务｜咨询 / B轮 / 50-150人,"“人工智能,氛围积极,扁平化管理,产品牛”"
140,8805974,php高级开发工程师,15k-25k,59278,安码科技,https://www.lagou.com/jobs/8805974.html?show=b6b910cafb5c4d0098753953a5d6a6e1,2021-06-07,,,经验1-3年 / 本科,https://www.lagou.com/gongsi/v1/f1ce051301a0891a236aed2d58c7788b6af013b436f00e04.html,信息安全 / B轮 / 50-150人,“高平台 晋升快”
141,8931878,php开发工程师,7k-12k,123465360,华企时代,https://www.lagou.com/jobs/8931878.html?show=b6b910cafb5c4d0098753953a5d6a6e1,2021-06-06,,,经验1-3年 / 大专,https://www.lagou.com/gongsi/v1/df74d594b8c81023243b38b005469af39cd456d8cf51b0e749c72d22312b3358.html,软件服务｜咨询 / 未融资 / 15-50人,“无限发展空间”
142,8925288,PHP开发实习生,5k-8k,445651,财盈通,https://www.lagou.com/jobs/8925288.html?show=b6b910cafb5c4d0098753953a5d6a6e1,2021-06-05,,,经验1年以下 / 本科,https://www.lagou.com/gongsi/v1/2857b2ab8c76ddb0d954aa670668bd4f3c57fb2c91d178d8.html,"软件服务｜咨询,IT技术服务｜咨询,营销服务｜咨询 / 不需要融资 / 500-2000人",“跨境项目 成长快 领导nice”
143,8929794,php开发工程师,15k-23k,122382180,三顾人力资源,https://www.lagou.com/jobs/8929794.html?show=b6b910cafb5c4d0098753953a5d6a6e1,2021-06-05,,,经验1-3年 / 本科,https://www.lagou.com/gongsi/v1/4d4b5639b56b769f1b96459349691e93f06425b453af03c86887477232b50f7d.html,"工具类产品,专业服务｜咨询 / 未融资 / 2000人以上",“扁平管理 成长空间大 福利好”
144,8774731,php开发工程师,6k-12k,123307246,宇恩科技,https://www.lagou.com/jobs/8774731.html?show=b6b910cafb5c4d0098753953a5d6a6e1,2021-06-05,,,经验1-3年 / 不限,https://www.lagou.com/gongsi/v1/e11a7e36ada0f66be99cb602d483cc9daa3b34bf59b378470d4716eb65a000d6.html,"IT技术服务｜咨询,网络通信,营销服务｜咨询 / 不需要融资 / 少于15人",“包午餐 朝九晚六”
145,8820739,php/go开发工程师,20k-40k,2474,滴滴,https://www.lagou.com/jobs/8820739.html?show=b6b910cafb5c4d0098753953a5d6a6e1,2021-06-04,,,经验1-3年 / 本科,https://www.lagou.com/gongsi/v1/3aa004ab9d97e3baa4c9a62266c50208da8db5ec671127f5.html,旅游｜出行 / 不需要融资 / 2000人以上,“团队氛围好，技术大牛多。”
146,8927782,php后端开发工程师,4k-8k,121793065,星扬科技,https://www.lagou.com/jobs/8927782.html?show=b6b910cafb5c4d0098753953a5d6a6e1,2021-06-04,,,经验1年以下 / 不限,https://www.lagou.com/gongsi/v1/913650dfe85ed1dc01a7eba89b4a0d24848bb508f1a31eed2cfc8c55bdb0d445.html,软件开发 / 未融资 / 少于15人,“全勤奖”
147,8927650,PHP开发工程师,12k-18k,121835208,维堰服务,https://www.lagou.com/jobs/8927650.html?show=b6b910cafb5c4d0098753953a5d6a6e1,2021-06-04,,,经验1-3年 / 本科,https://www.lagou.com/gongsi/v1/6684c495c3a7ce751454e313dbc05273901c863579c4d9f108a8f5dcf0d8fd79.html,软件服务｜咨询 / 不需要融资 / 150-500人,“六险一金/部门团建/年度旅游”
148,5495587,php开发工程师,12k-17k,331684,大舟网络,https://www.lagou.com/jobs/5495587.html?show=b6b910cafb5c4d0098753953a5d6a6e1,2021-06-04,,,经验1-3年 / 本科,https://www.lagou.com/gongsi/v1/5d91b94d0176d2ae2f67d65338841c5c975e76b9bbf7cf38.html,/ 上市公司 / 50-150人,“五险一金+双休+各种福利”
149,8925789,php开发工程师,15k-23k,123312676,合瑞至管理咨询,https://www.lagou.com/jobs/8925789.html?show=b6b910cafb5c4d0098753953a5d6a6e1,2021-06-04,,,经验1-3年 / 本科,https://www.lagou.com/gongsi/v1/b97414ded316018e73754ca656b282bbb8e5d2cb606fb4d1d286663e10ff69d1.html,专业服务｜咨询 / 未融资 / 少于15人,“平台大 福利好”
150,8270043,php研发工程师,20k-40k,1575,百度,https://www.lagou.com/jobs/8270043.html?show=b6b910cafb5c4d0098753953a5d6a6e1,2021-06-07,,,经验1-3年 / 本科,https://www.lagou.com/gongsi/v1/ac83735a4e818bdc7a98c51955c0c14373e4053ded99c16d.html,"人工智能服务,信息检索,科技金融 / 上市公司 / 2000人以上",“发展空间大”
151,8502944,php/go应用开发工程师,15k-25k,451,腾讯,https://www.lagou.com/jobs/8502944.html?show=b6b910cafb5c4d0098753953a5d6a6e1,2021-06-07,,,经验1-3年 / 本科,https://www.lagou.com/gongsi/v1/44cbc0a38779bbcb511801cb2f5cc48b.html,"游戏,社交媒体,音频｜视频媒体 / 上市公司 / 2000人以上",“大平台，行业前沿，发展机会大，学习资源多”
152,8578466,php开发工程师,10k-15k,445651,财盈通,https://www.lagou.com/jobs/8578466.html?show=b6b910cafb5c4d0098753953a5d6a6e1,2021-06-05,,,经验1-3年 / 大专,https://www.lagou.com/gongsi/v1/2c41e484ae9d49a4786950f8714833daca25a4fa9852012d.html,"软件服务｜咨询,IT技术服务｜咨询,营销服务｜咨询 / 不需要融资 / 500-2000人",“跨境项目 成长快 领导nice”
153,8922406,PHP开发工程师/深圳,12k-18k,121835208,维堰服务,https://www.lagou.com/jobs/8922406.html?show=b6b910cafb5c4d0098753953a5d6a6e1,2021-06-04,,,经验1-3年 / 本科,https://www.lagou.com/gongsi/v1/c132cd40ddf70d38ce6dfc1722e49fe509d869c734897c0beb619660428ef019.html,软件服务｜咨询 / 不需要融资 / 150-500人,“六险一金/部门团建/年度旅游”
154,8925456,php程序员,6k-8k,45751,大汽派,https://www.lagou.com/jobs/8925456.html?show=b6b910cafb5c4d0098753953a5d6a6e1,2021-06-04,,,经验1-3年 / 大专,https://www.lagou.com/gongsi/v1/aff910a7be421bc19a1d2cebf4a2d4c7ddb0a85dfb9542d3.html,"移动互联网,电商 / 天使轮 / 50-150人",“年轻开发团队”
155,8925373,php开发工程师,15k-30k,121847946,金磁石,https://www.lagou.com/jobs/8925373.html?show=b6b910cafb5c4d0098753953a5d6a6e1,2021-06-04,,,经验1-3年 / 本科,https://www.lagou.com/gongsi/v1/1a37f7158a066069375cb4eebd9c0e8d095e1505fa316b44e470a566713c0b62.html,企业服务 / 不需要融资 / 50-150人,“《爆米科技》猎头职位”
156,7813990,php高级开发工程师,8k-15k,120945198,美哆网络,https://www.lagou.com/jobs/7813990.html?show=b6b910cafb5c4d0098753953a5d6a6e1,2021-06-04,,,经验1-3年 / 大专,https://www.lagou.com/gongsi/v1/15ece07e4d446dc634faf16bb1f88c2cb8922c64a842938d0928908629619375.html,医疗｜保健｜美容 / 未融资 / 150-500人,“绩效奖金、带薪年假、定期体检、五险一金”
157,8617885,php后端开发工程师,8k-16k,43859,东方蜘蛛,https://www.lagou.com/jobs/8617885.html?show=b6b910cafb5c4d0098753953a5d6a6e1,2021-06-04,,,经验1-3年 / 大专,https://www.lagou.com/gongsi/v1/1ed06e216279142258ed940e5e4f47babba7a1a0c952aa5e.html,"移动互联网,社交 / 未融资 / 15-50人",“五险一金 加班补助 带薪年假”
158,8770205,php开发工程师,8k-12k,123303087,莘荣科技,https://www.lagou.com/jobs/8770205.html?show=b6b910cafb5c4d0098753953a5d6a6e1,2021-06-04,,,经验1-3年 / 大专,https://www.lagou.com/gongsi/v1/26fd729cebb12ed469036118af485e7283d8a3aec6f79075489a778e7a75dd51.html,软件服务｜咨询 / 天使轮 / 15-50人,"“教育风口,成长快,广州**”"
159,8921998,php开发工程师,15k-23k,123146037,北京如秄,https://www.lagou.com/jobs/8921998.html?show=b6b910cafb5c4d0098753953a5d6a6e1,2021-06-03,,,经验1-3年 / 本科,https://www.lagou.com/gongsi/v1/1ed63371a4ca0afa24d57d542dc5905d39f7b06f4d57c2ca73894344bc8b2d93.html,"工具类产品,IT技术服务｜咨询,专业服务｜咨询 / 不需要融资 / 50-150人",“扁平管理 成长空间大 福利好”
160,8921204,php开发工程师,10k-15k,30605,赢时胜软件,https://www.lagou.com/jobs/8921204.html?show=b6b910cafb5c4d0098753953a5d6a6e1,2021-06-03,,,经验1-3年 / 大专,https://www.lagou.com/gongsi/v1/01875233625ad440a15a1af7ab47b681f28638cc5afdb941.html,软件服务｜咨询 / 上市公司 / 500-2000人,“五险一金 加班费 外派津贴”
161,8850018,php开发工程师,11k-16k,307964,Firestorm,https://www.lagou.com/jobs/8850018.html?show=b6b910cafb5c4d0098753953a5d6a6e1,2021-06-03,,,经验1-3年 / 本科,https://www.lagou.com/gongsi/v1/96a190fd368e28a9872cedc46fbc9fc290cb0c1019282d01.html,科技金融 / A轮 / 50-150人,“技术牛人多 项目提成高 工作氛围好”
162,8784112,php,6k-10k,123148503,中融信通,https://www.lagou.com/jobs/8784112.html?show=b6b910cafb5c4d0098753953a5d6a6e1,2021-06-03,,,经验1-3年 / 本科,https://www.lagou.com/gongsi/v1/7983e4f0b861627343c78b48ad7b36e034741a16f55ec84f5d836d854c23ce54.html,"软件服务｜咨询,IT技术服务｜咨询,网络通信 / 不需要融资 / 15-50人",“五险一金，带薪年休假，周末双休”
163,4600276,php工程师,4k-8k,191660,洛壹网络,https://www.lagou.com/jobs/4600276.html?show=b6b910cafb5c4d0098753953a5d6a6e1,2021-06-03,,,经验1-3年 / 大专,https://www.lagou.com/gongsi/v1/ac21bab1e018df868db47e0f18866958a26f902735b25a30.html,移动互联网 / 未融资 / 15-50人,"“学习机会多,自由安排,工作氛围好,沟通好”"
164,8229655,php实习生,3k-4k,7535,值得买科技,https://www.lagou.com/jobs/8229655.html?show=b6b910cafb5c4d0098753953a5d6a6e1,2021-06-03,,,经验1年以下 / 大专,https://www.lagou.com/gongsi/v1/d56e44458fb7a0122e319d83aaf71aee124ea99b1533e8a4.html,消费生活 / 上市公司 / 500-2000人,“六险一金 双休 培训机会多 办公环境好”
165,7230297,php研发工程师,20k-40k,1575,百度,https://www.lagou.com/jobs/7230297.html?show=b6b910cafb5c4d0098753953a5d6a6e1,2021-06-07,,,经验1-3年 / 本科,https://www.lagou.com/gongsi/v1/f58928d968d24382911bf331c08e7386d33ca33c8d5c0f25.html,"人工智能服务,信息检索,科技金融 / 上市公司 / 2000人以上",“良好的发展前景，优渥的福利待遇”
166,8924953,php开发工程师,15k-30k,121847946,金磁石,https://www.lagou.com/jobs/8924953.html?show=b6b910cafb5c4d0098753953a5d6a6e1,2021-06-04,,,经验1-3年 / 本科,https://www.lagou.com/gongsi/v1/d9ab47794658fa2785851998d340a3206dd040ba57ac3b423fad4c0a5800f440.html,企业服务 / 不需要融资 / 50-150人,“【爆米科技】猎头职位”
167,6160803,PHP开发工程师QD001,8k-15k,7535,值得买科技,https://www.lagou.com/jobs/6160803.html?show=b6b910cafb5c4d0098753953a5d6a6e1,2021-06-03,,,经验1-3年 / 大专,https://www.lagou.com/gongsi/v1/80e2771c2d2c9d8483cd5b30fb7c971c466845b172a84e2c.html,消费生活 / 上市公司 / 500-2000人,“五险一金 绩效奖金 节日福利”
168,7852687,php开发工程师,12k-18k,445651,财盈通,https://www.lagou.com/jobs/7852687.html?show=b6b910cafb5c4d0098753953a5d6a6e1,2021-06-03,,,经验1-3年 / 本科,https://www.lagou.com/gongsi/v1/88733e5df64c082280a30c2eb1e7c42ce24f6878a5281285.html,"软件服务｜咨询,IT技术服务｜咨询,营销服务｜咨询 / 不需要融资 / 500-2000人",“大数据、高并发、奖金多”
169,8127967,php开发工程师,8k-16k,62883,广州未名中智教育,https://www.lagou.com/jobs/8127967.html?show=b6b910cafb5c4d0098753953a5d6a6e1,2021-06-03,,,经验1-3年 / 本科,https://www.lagou.com/gongsi/v1/e6f8b22f852c150e916c033e807ae1b59a9d1803869cb638.html,"消费生活,教育 / 未融资 / 50-150人",“双休，五险一金，提供午餐/晚餐”
170,5995610,PHP工程师(J10611),12k-18k,28482,欧派,https://www.lagou.com/jobs/5995610.html?show=b6b910cafb5c4d0098753953a5d6a6e1,2021-06-03,,,经验1-3年 / 本科,https://www.lagou.com/gongsi/v1/5b0cfe9063a68fd9db05d3f0c6dd239763e079aacc3c7197.html,居住服务 / 上市公司 / 2000人以上,“五险一金、双休、节假日福利”
171,8876841,中高级PHP工程师,25k-35k,122632340,今朝人力资源,https://www.lagou.com/jobs/8876841.html?show=b6b910cafb5c4d0098753953a5d6a6e1,2021-06-03,,,经验1-3年 / 本科,https://www.lagou.com/gongsi/v1/880cc01dc8b6a0b574dbbc06f5568e14e4e881ddf951748a54c01c6116812d32.html,"工具类产品,IT技术服务｜咨询,专业服务｜咨询 / 未融资 / 50-150人",“双休五险一金带薪年假”
172,8894431,php开发工程师,7k-10k,121780425,黄豆网络,https://www.lagou.com/jobs/8894431.html?show=b6b910cafb5c4d0098753953a5d6a6e1,2021-06-03,,,经验1-3年 / 本科,https://www.lagou.com/gongsi/v1/3ee2aa5891b618ca76d0a05b65a9c00ed904ee68f99f0e61f690de38d9c560bc.html,教育 / 未融资 / 50-150人,“双休”
173,8357787,PHP实施工程师,8k-15k,153116,讯康,https://www.lagou.com/jobs/8357787.html?show=b6b910cafb5c4d0098753953a5d6a6e1,2021-06-03,,,经验1-3年 / 大专,https://www.lagou.com/gongsi/v1/eb190f8b87994339f6c7988dc66f0f70512d8a23d4f3a1f7.html,移动互联网 / B轮 / 150-500人,“周末双休六险一金升职空间大”
174,8306659,php开发工程师,15k-25k,25592,新浪网,https://www.lagou.com/jobs/8306659.html?show=b6b910cafb5c4d0098753953a5d6a6e1,2021-06-02,,,经验1-3年 / 本科,https://www.lagou.com/gongsi/v1/e045baa7541db9740144364d3ce7aa66ce6c7fd3bde6f844.html,"内容资讯,社交媒体 / 不需要融资 / 2000人以上",“五险一金，大平台，免费班车”
175,8912261,PHP OA岗位,8k-15k,123322011,锐仕方达,https://www.lagou.com/jobs/8912261.html?show=b6b910cafb5c4d0098753953a5d6a6e1,2021-06-02,,,经验1-3年 / 本科,https://www.lagou.com/gongsi/v1/3394f89a5226bdc596c362398004c75c0b7e838d2d257bbbd17ab530e8e13dfd.html,科技金融、信息检索 / 未融资 / 2000人以上,“不怎么加班”
176,8585475,php开发工程师,8k-11k,67260,邦德教育,https://www.lagou.com/jobs/8585475.html?show=b6b910cafb5c4d0098753953a5d6a6e1,2021-06-02,,,经验1-3年 / 本科,https://www.lagou.com/gongsi/v1/f8d9fdfc7463dd3fa03094406b6d93f971ce4f4d59ab9e8d.html,教育 / 未融资 / 500-2000人,“大牛带队、带薪培训、丰厚福利”
177,8909487,php开发工程师,15k-23k,123416222,新锋场域,https://www.lagou.com/jobs/8909487.html?show=b6b910cafb5c4d0098753953a5d6a6e1,2021-06-02,,,经验1-3年 / 本科,https://www.lagou.com/gongsi/v1/a4ccd6ef2f98a2748cf07c521bf12b3a99b29cefb1bf05255c2266e3874e97f4.html,IT技术服务｜咨询 / 未融资 / 50-150人,“五险一金 周末双休 不加班”
178,8906475,php开发工程师,13k-18k,420654,觅知网,https://www.lagou.com/jobs/8906475.html?show=b6b910cafb5c4d0098753953a5d6a6e1,2021-06-02,,,经验1-3年 / 本科,https://www.lagou.com/gongsi/v1/773d12a7cbfc049d84b018bcb670cadc6a5afe970f250234.html,"内容资讯,内容社区 / 不需要融资 / 50-150人",“发展前景 弹性工作 五险一金 带薪年假 双休”
179,8751629,php开发工程师,15k-25k,23291,美图公司,https://www.lagou.com/jobs/8751629.html?show=b6b910cafb5c4d0098753953a5d6a6e1,2021-06-02,,,经验1-3年 / 本科,https://www.lagou.com/gongsi/v1/d3d9310e0b108b17b33223f53deb3a4ed372d8446f0f2ffa.html,"工具类产品,智能硬件 / 上市公司 / 2000人以上",“氛围自由开放，团队年轻化，国际化”
180,8325171,PHP高级研发工程师,15k-30k,1575,百度,https://www.lagou.com/jobs/8325171.html?show=b6b910cafb5c4d0098753953a5d6a6e1,2021-06-07,,,经验1-3年 / 本科,https://www.lagou.com/gongsi/v1/a1c7517d75c469b12788fec398778f5e86019a115a5da440.html,"人工智能服务,信息检索,科技金融 / 上市公司 / 2000人以上",“大牛带队 团队氛围好”
181,8920791,php开发工程师,15k-23k,121847946,金磁石,https://www.lagou.com/jobs/8920791.html?show=b6b910cafb5c4d0098753953a5d6a6e1,2021-06-03,,,经验1-3年 / 本科,https://www.lagou.com/gongsi/v1/d34317a7f1e0c6285e3dc0736e732c65ea6a05ff41c4ec924ca7cbeb33312783.html,企业服务 / 不需要融资 / 50-150人,“小满科技 PHP开发工程师”
182,8906520,PHP开发（接受实习生、应届生）,8k-13k,420654,觅知网,https://www.lagou.com/jobs/8906520.html?show=b6b910cafb5c4d0098753953a5d6a6e1,2021-06-02,,,经验1-3年 / 大专,https://www.lagou.com/gongsi/v1/84fc1eeb7a37acd32f8b8ad4030b47a082f4a9b1c9c79861.html,"内容资讯,内容社区 / 不需要融资 / 50-150人",“发展前景 弹性工作 五险一金 带薪年假 双休”
183,8875220,php开发工程师,6k-11k,57628,华扬联众全国数据技术中心（HDTC）,https://www.lagou.com/jobs/8875220.html?show=b6b910cafb5c4d0098753953a5d6a6e1,2021-06-02,,,经验1-3年 / 本科,https://www.lagou.com/gongsi/v1/b98fb8127d339f6bbe5161e307c018bebee46617c92a017f.html,营销服务｜咨询 / 不需要融资 / 2000人以上,“带薪假期、6险1金、年底双薪、年度旅游”
184,8453474,php研发工程师,18k-35k,410453,度小满金融,https://www.lagou.com/jobs/8453474.html?show=b6b910cafb5c4d0098753953a5d6a6e1,2021-06-02,,,经验1-3年 / 本科,https://www.lagou.com/gongsi/v1/e370b5286974036d3ba28949623e7898c0b05304fe792a56.html,科技金融 / A轮 / 2000人以上,“五险一金 带薪休假 大平台 技术氛围”
185,8858943,php开发工程师,15k-30k,764712,瑛太莱,https://www.lagou.com/jobs/8858943.html?show=b6b910cafb5c4d0098753953a5d6a6e1,2021-06-02,,,经验1-3年 / 本科,https://www.lagou.com/gongsi/v1/3977c7d4dc20c77b0103bd25c675ede3f7ef45ced5ba8b25.html,电商平台 / 不需要融资 / 2000人以上,“优厚待遇、团队实力雄厚、绩效奖金”
186,8894763,中高级PHP工程师,15k-25k,122632340,今朝人力资源,https://www.lagou.com/jobs/8894763.html?show=b6b910cafb5c4d0098753953a5d6a6e1,2021-06-02,,,经验1-3年 / 本科,https://www.lagou.com/gongsi/v1/d5d621b58ecb08a53ad5dae623a0bf74de28c3cfc6f1d521c4f971393fe06d82.html,"工具类产品,IT技术服务｜咨询,专业服务｜咨询 / 未融资 / 50-150人",“五险一金，周末双休、餐补”
187,5328099,PHP开发工程师,4k-7k,176142,厦门侠网旅游服务有限公司,https://www.lagou.com/jobs/5328099.html?show=b6b910cafb5c4d0098753953a5d6a6e1,2021-06-02,,,经验1-3年 / 大专,https://www.lagou.com/gongsi/v1/0ac860de2381c8464026610b73b6a0cf5fad6f55f9e67b62.html,"旅游,移动互联网 / A轮 / 50-150人",“六险一金 年度体检 年度旅游”
188,8843204,php开发工程师,8k-12k,122021234,Guarantee Mart,https://www.lagou.com/jobs/8843204.html?show=b6b910cafb5c4d0098753953a5d6a6e1,2021-06-02,,,经验1-3年 / 本科,https://www.lagou.com/gongsi/v1/1e02d01b4747175abf6da4514cb98253e722357a353d2dd25e19b07606043cb3.html,"专业服务｜咨询,金融业 / 天使轮 / 15-50人",“来自加拿大多伦多的跨境交易公司”
189,8798775,php工程师,12k-16k,136611,嘉立创集团,https://www.lagou.com/jobs/8798775.html?show=b6b910cafb5c4d0098753953a5d6a6e1,2021-06-01,,,经验1-3年 / 本科,https://www.lagou.com/gongsi/v1/ae4661c1280c2a70362d6ab00a76421d2909562a3956e421.html,"智能硬件,电商平台 / A轮 / 500-2000人",“月团建，加班零食，补贴各种活动，其他节日礼物”
190,7048558,php,5k-6k,118008048,魁网科技,https://www.lagou.com/jobs/7048558.html?show=b6b910cafb5c4d0098753953a5d6a6e1,2021-06-01,,,经验1-3年 / 大专,https://www.lagou.com/gongsi/v1/f0d35cf8e27921acbc45f160b849cb5d01aa6ab5701a7a20ab50407307dffa17.html,"软件开发,其他 / A轮 / 15-50人",“福利待遇、公司发展、”
191,8898508,服务端工程师 （PHP）,25k-50k,123146037,北京如秄,https://www.lagou.com/jobs/8898508.html?show=b6b910cafb5c4d0098753953a5d6a6e1,2021-06-01,,,经验1-3年 / 本科,https://www.lagou.com/gongsi/v1/3aa3c8f05eaa027772f49d3b065426a48dd8ea9ea962b4791280769fe076ead6.html,"工具类产品,IT技术服务｜咨询,专业服务｜咨询 / 不需要融资 / 50-150人",“大公司”
192,8179402,PHP研发工程师,11k-22k,240933,百家云,https://www.lagou.com/jobs/8179402.html?show=b6b910cafb5c4d0098753953a5d6a6e1,2021-05-31,,,经验1-3年 / 本科,https://www.lagou.com/gongsi/v1/5fdd065c59cdfcc29b381f3a9dc733b7931443a3467dd271.html,"移动互联网,企业服务 / B轮 / 150-500人",“五险一金”
193,4006529,PHP高级工程师,10k-18k,43663,UCToo,https://www.lagou.com/jobs/4006529.html?show=b6b910cafb5c4d0098753953a5d6a6e1,2021-05-31,,,经验1-3年 / 不限,https://www.lagou.com/gongsi/v1/de930f289cebac17a9fcc7e21859a17bd3209cb93a955a5b.html,"电商平台,软件服务｜咨询 / 未融资 / 15-50人","“创意实现,项目提成,带薪年假,股份期权”"
194,8893218,PHP后端开发工程师,8k-15k,174578,小蓝条,https://www.lagou.com/jobs/8893218.html?show=b6b910cafb5c4d0098753953a5d6a6e1,2021-05-31,,,经验1-3年 / 大专,https://www.lagou.com/gongsi/v1/f0664d53460624c72c9b5fc214165c914403d382e1c1119b.html,硬件 / 未融资 / 15-50人,“五险一金、双休”
195,7949064,IDG测试部_PHP研发工程师,20k-40k,1575,百度,https://www.lagou.com/jobs/7949064.html?show=b6b910cafb5c4d0098753953a5d6a6e1,2021-06-03,,,经验1-3年 / 本科,https://www.lagou.com/gongsi/v1/bf84de601392d1724b01721cd253f5b741a9dddfc0ca5740.html,"人工智能服务,信息检索,科技金融 / 上市公司 / 2000人以上",“发展前景、团队实力”
196,8570935,php开发工程师,7k-12k,122021234,Guarantee Mart,https://www.lagou.com/jobs/8570935.html?show=b6b910cafb5c4d0098753953a5d6a6e1,2021-06-02,,,经验1-3年 / 本科,https://www.lagou.com/gongsi/v1/b68abfd9cab21ce02c768fa6f24498e39ae1a938afbe7c17d5eeacab55ee5c92.html,"专业服务｜咨询,金融业 / 天使轮 / 15-50人",“来自多伦多的跨境服务信用生态公司”
197,1712967,PHP开发工程师,6k-12k,48804,巨点信息,https://www.lagou.com/jobs/1712967.html?show=b6b910cafb5c4d0098753953a5d6a6e1,2021-05-31,,,经验1-3年 / 大专,https://www.lagou.com/gongsi/v1/ee594aed786d8c6d14c48b5eea114230d671bcf973e3b90e.html,消费生活 / 天使轮 / 15-50人,“五险一金，五天工作制，弹性上班时间”
198,8766127,php开发工程师,10k-15k,119807,5Eplay,https://www.lagou.com/jobs/8766127.html?show=b6b910cafb5c4d0098753953a5d6a6e1,2021-05-31,,,经验1-3年 / 本科,https://www.lagou.com/gongsi/v1/eb240a5430310e9668d29393d656ec206aadd13aba0ec4dd.html,"移动互联网,游戏 / A轮 / 15-50人",“周末双休五险一金绩效奖金带薪年假节日福利”
199,8892697,php开发工程师,10k-15k,78710,Target Social,https://www.lagou.com/jobs/8892697.html?show=b6b910cafb5c4d0098753953a5d6a6e1,2021-05-31,,,经验1-3年 / 本科,https://www.lagou.com/gongsi/v1/223cec617597584cc1212efc3430aa1f3d88963a334d7989.html,"移动互联网,数据服务 / B轮 / 50-150人",“团队稳定，非外包岗位，非996”
200,8635156,php开发工程师,10k-15k,666066,木头云,https://www.lagou.com/jobs/8635156.html?show=b6b910cafb5c4d0098753953a5d6a6e1,2021-05-31,,,经验1-3年 / 大专,https://www.lagou.com/gongsi/v1/c8480a515e8c7237149db1e331d57787fbc78a87c20b80de.html,电商 / 未融资 / 500-2000人,“发展前景、晋升机会、绩效奖励、团队配合”
201,4733681,PHP程序员,9k-15k,342604,好采网络,https://www.lagou.com/jobs/4733681.html?show=b6b910cafb5c4d0098753953a5d6a6e1,2021-05-31,,,经验1-3年 / 大专,https://www.lagou.com/gongsi/v1/21cddcb5db9a62837c7d2e30527087e6cf4e63a20b447b40.html,电商 / 不需要融资 / 15-50人,"“新项目,前景大”"
202,8423605,php后端开发工程师,12k-15k,121740306,首赛科技,https://www.lagou.com/jobs/8423605.html?show=b6b910cafb5c4d0098753953a5d6a6e1,2021-05-31,,,经验1-3年 / 本科,https://www.lagou.com/gongsi/v1/05aaac2c53f8e4e337fc69b82f45d8e90fff0dd16819ca68d3275bd8f84fc974.html,"人工智能服务,软件服务｜咨询 / 未融资 / 15-50人",“技术氛围浓厚，工作环境轻松”
203,8643027,php开发工程师,5k-10k,453555,猫灵网络,https://www.lagou.com/jobs/8643027.html?show=b6b910cafb5c4d0098753953a5d6a6e1,2021-05-31,,,经验1-3年 / 大专,https://www.lagou.com/gongsi/v1/db7712f5018bdea74d6a6d577fa2c627087bd9a60e3001cf.html,移动互联网 / 不需要融资 / 15-50人,“不加班”
204,8878405,php开发工程师,13k-18k,25075,华图教育集团,https://www.lagou.com/jobs/8878405.html?show=b6b910cafb5c4d0098753953a5d6a6e1,2021-05-31,,,经验1-3年 / 本科,https://www.lagou.com/gongsi/v1/e4a10b2f7685f3183ad125c4bb76a86dc7d42d2328d25d88.html,教育 / 上市公司 / 2000人以上,“周末双休；五险一金；大平台；团队氛围好”
205,7138043,PHP开发工程师,8k-15k,504365,Goat Games,https://www.lagou.com/jobs/7138043.html?show=b6b910cafb5c4d0098753953a5d6a6e1,2021-05-31,,,经验1-3年 / 本科,https://www.lagou.com/gongsi/v1/cf4d1ec46cfedc78be85c1197df5f29f2833f6d3335b7a9d.html,游戏 / 不需要融资 / 150-500人,“成长快 空间自由 专业度高”
206,7625577,初级PHP开发工程师,6k-9k,29028,晨云信息,https://www.lagou.com/jobs/7625577.html?show=b6b910cafb5c4d0098753953a5d6a6e1,2021-05-31,,,经验1-3年 / 大专,https://www.lagou.com/gongsi/v1/a27e2945049408573a861707e4531159c9e5e252863226ff.html,"移动互联网,数据服务 / 未融资 / 15-50人",“福利好，加班少，行业前景好”
207,7376072,php开发工程师,15k-25k,117505139,三合鸿业,https://www.lagou.com/jobs/7376072.html?show=b6b910cafb5c4d0098753953a5d6a6e1,2021-05-31,,,经验1-3年 / 大专,https://www.lagou.com/gongsi/v1/09c28943bb3ffa21aa03e309d727ff008fdc3b2df3d7e6181376a21d51bef83c.html,"IT技术服务｜咨询,营销服务｜咨询 / 未融资 / 150-500人",“五险一金 弹性工作 奖金 上升空间大”
208,8889546,php工程师,8k-10k,466748,易遨中国,https://www.lagou.com/jobs/8889546.html?show=b6b910cafb5c4d0098753953a5d6a6e1,2021-05-31,,,经验1-3年 / 大专,https://www.lagou.com/gongsi/v1/b7d6edf3bcc73507bba2532fb2cc75bf1d6418f01b44329a.html,"企业服务,移动互联网 / 上市公司 / 150-500人",“周末双休 五险一金 带薪休假”
209,8492306,php开发工程师,10k-15k,120295927,爱德科技,https://www.lagou.com/jobs/8492306.html?show=b6b910cafb5c4d0098753953a5d6a6e1,2021-05-31,,,经验1-3年 / 本科,https://www.lagou.com/gongsi/v1/ea00ef18852376bd88793b22b86298cf9f3f198f3c630a0edee641cbf518623e.html,"电商,软件开发 / 不需要融资 / 50-150人",“老板nice 氛围轻松 扁平化”
210,8000192,php开发工程师,8k-10k,122271262,美途科技,https://www.lagou.com/jobs/8000192.html?show=b6b910cafb5c4d0098753953a5d6a6e1,2021-05-31,,,经验1-3年 / 大专,https://www.lagou.com/gongsi/v1/65e12180c62b7e57e7610381efdfa5491442a8f41e4fcc3c618179a27aba4736.html,"物流丨运输,软件开发 / 未融资 / 15-50人",“领导好沟通”
211,8888969,php后端开发工程师,10k-12k,123146037,北京如秄,https://www.lagou.com/jobs/8888969.html?show=b6b910cafb5c4d0098753953a5d6a6e1,2021-05-30,,,经验1-3年 / 本科,https://www.lagou.com/gongsi/v1/2633a6def2f2daf179a298b7d3ab1a31459b77159259a30c758bc9966597d550.html,"工具类产品,IT技术服务｜咨询,专业服务｜咨询 / 不需要融资 / 50-150人",“上市公司，包餐，班车，提供住宿”
212,8481235,php开发工程师/10k-14k/包三餐,10k-11k,122198125,雨点网络,https://www.lagou.com/jobs/8481235.html?show=b6b910cafb5c4d0098753953a5d6a6e1,2021-05-30,,,经验1-3年 / 大专,https://www.lagou.com/gongsi/v1/51e2504c3b3e4b72cc5d9dcaaab92fe887f0475a586aee30d5030c3d29e80ce2.html,电商 / 不需要融资 / 50-150人,“高薪，成长空间，年轻团队，完善福利”
213,3072701,PHP开发工程师,8K-15K,158493,佰安信息,https://www.lagou.com/jobs/3072701.html?show=b6b910cafb5c4d0098753953a5d6a6e1,2021-05-30,,,经验1-3年 / 不限,https://www.lagou.com/gongsi/v1/0c024410307bdc5f7427ae65838435a588c4b429525ae164.html,"信息安全,移动互联网 / 未融资 / 15-50人",“弹性工作制”
214,8887984,php开发工程师,7k-12k,82760776,贝思诺,https://www.lagou.com/jobs/8887984.html?show=b6b910cafb5c4d0098753953a5d6a6e1,2021-05-30,,,经验1-3年 / 不限,https://www.lagou.com/gongsi/v1/2fe07ad9f22890d3c743d85ad4fcc8c33fe39f3f6fc707beeb624d08e9e42ddf.html,"软件开发,物联网 / 不需要融资 / 15-50人",“php”
215,8885123,php开发工程师,5k-10k,343957,云橙智想,https://www.lagou.com/jobs/8885123.html?show=b6b910cafb5c4d0098753953a5d6a6e1,2021-05-29,,,经验1-3年 / 不限,https://www.lagou.com/gongsi/v1/51dca46a520df17687dcde210e30951e772f5bc3e1bd8158.html,"移动互联网,教育 / 未融资 / 少于15人",“晋升空间大，技术氛围浓”
216,1345696,PHP,4k-6k,83600,好巴兔,https://www.lagou.com/jobs/1345696.html?show=b6b910cafb5c4d0098753953a5d6a6e1,2021-05-28,,,经验1-3年 / 大专,https://www.lagou.com/gongsi/v1/98dbda4a5b2337d8ebb96eb0631debf04b4720f5df57f9b1.html,其他 / 天使轮 / 15-50人,“成长空间大+发展前景好”
217,8857827,php开发工程师,15k-23k,121847946,金磁石,https://www.lagou.com/jobs/8857827.html?show=b6b910cafb5c4d0098753953a5d6a6e1,2021-05-28,,,经验1-3年 / 本科,https://www.lagou.com/gongsi/v1/506adae1fe85e48d6ccc8d5217a31f1d056bb5c9e1a8f6297bdcae036cac4a3d.html,企业服务 / 不需要融资 / 50-150人,“小满科技猎头职位”
218,8882040,php开发工程师,8k-14k,433188,启世科技,https://www.lagou.com/jobs/8882040.html?show=b6b910cafb5c4d0098753953a5d6a6e1,2021-05-28,,,经验1-3年 / 大专,https://www.lagou.com/gongsi/v1/119351a992182b7f279332f39d11e460173a142af16f6edd.html,"移动互联网,企业服务 / 未融资 / 少于15人",“带领一起进步，未来成就自己”
219,8881431,php开发,8k-12k,469455,知诚,https://www.lagou.com/jobs/8881431.html?show=b6b910cafb5c4d0098753953a5d6a6e1,2021-05-28,,,经验1-3年 / 大专,https://www.lagou.com/gongsi/v1/9404254a0162a14419b42839e573e5046246fcc4f67f97c6.html,"电商,移动互联网 / 不需要融资 / 15-50人","“五险一金,地铁附近,年终奖,双休”"
220,8460060,php开发工程师,8k-10k,84463695,世纪众云,https://www.lagou.com/jobs/8460060.html?show=b6b910cafb5c4d0098753953a5d6a6e1,2021-05-28,,,经验1-3年 / 本科,https://www.lagou.com/gongsi/v1/18e2f2e1a275c5858ee15904588cba436b70348bfb1c437c9fbad6ae79f531d9.html,"电商平台,软件服务｜咨询,旅游｜出行 / 未融资 / 15-50人",“团队气氛和谐，公司前景好，五险一金”
221,8880672,php开发工程师,10k-20k,123416222,新锋场域,https://www.lagou.com/jobs/8880672.html?show=b6b910cafb5c4d0098753953a5d6a6e1,2021-05-28,,,经验1-3年 / 本科,https://www.lagou.com/gongsi/v1/982455d6563fb9b576fd1464add916b17c6897dc669b9cf2fd663ed761c60eaa.html,IT技术服务｜咨询 / 未融资 / 50-150人,“扁平化 福利齐全”
222,8880270,php开发工程师,10k-15k,118480011,亿达信息,https://www.lagou.com/jobs/8880270.html?show=b6b910cafb5c4d0098753953a5d6a6e1,2021-05-28,,,经验1-3年 / 本科,https://www.lagou.com/gongsi/v1/028b6dcf892378af4f96455bc93c6c42e58777ae1aaf1838553a08ab4951d8e7.html,"软件服务｜咨询,IT技术服务｜咨询,人工智能服务 / 上市公司 / 2000人以上",“六险一金、零食、生日会、年终奖、节日福利”
223,5811176,PHP高级工程师,10k-18k,540476,HuaICT,https://www.lagou.com/jobs/5811176.html?show=b6b910cafb5c4d0098753953a5d6a6e1,2021-05-28,,,经验1-3年 / 不限,https://www.lagou.com/gongsi/v1/4b0fd0da74568aeae4fc4d45a6ac0435c9144284f14061a7.html,"移动互联网,企业服务 / 未融资 / 15-50人","“创意实现,项目提成,带薪年假,股份期权”"
224,8677575,PHP技术/php程序员,5k-8k,348494,山东网亿,https://www.lagou.com/jobs/8677575.html?show=b6b910cafb5c4d0098753953a5d6a6e1,2021-05-28,,,经验1-3年 / 不限,https://www.lagou.com/gongsi/v1/56decdb473664c66b39c238cd2fd83c9d78d821e74b2bcb9.html,"移动互联网,企业服务 / 不需要融资 / 15-50人",“18年行业经验 90后团队 氛围极佳”
225,8496781,php开发工程师,9k-15k,469455,知诚,https://www.lagou.com/jobs/8496781.html?show=b6b910cafb5c4d0098753953a5d6a6e1,2021-05-28,,,经验1-3年 / 本科,https://www.lagou.com/gongsi/v1/3d1749e4cab0571f6169e66402616456f3f353146e28c630.html,"电商,移动互联网 / 不需要融资 / 15-50人","“五险一金,地铁附近,提供住宿,双休”"
226,8877405,php开发工程师,8k-13k,120598593,添楚瀚才传媒,https://www.lagou.com/jobs/8877405.html?show=b6b910cafb5c4d0098753953a5d6a6e1,2021-05-27,,,经验1-3年 / 本科,https://www.lagou.com/gongsi/v1/78e223246ca8a2fbb50cba128ac1cdd9be5c575df9da499227b433f74b22dbbe.html,"工具类产品,IT技术服务｜咨询,专业服务｜咨询 / 未融资 / 150-500人",“双休 上市企业”
227,8875825,php工程师,10k-15k,261674,指色网络,https://www.lagou.com/jobs/8875825.html?show=b6b910cafb5c4d0098753953a5d6a6e1,2021-05-27,,,经验1-3年 / 本科,https://www.lagou.com/gongsi/v1/6141e716a0945501bee514cdaa8e2396b3e154a19dc1161b.html,"移动互联网,游戏 / 天使轮 / 50-150人",“年底双薪”
228,5533125,资讯与社区PHP开发工程师,14k-28k,9253,富途,https://www.lagou.com/jobs/5533125.html?show=b6b910cafb5c4d0098753953a5d6a6e1,2021-05-27,,,经验1-3年 / 不限,https://www.lagou.com/gongsi/v1/bd3d0027c34bf3d954a310784ebd3dae1d9b695d6ab29837.html,科技金融 / 上市公司 / 500-2000人,"“腾讯系团队,扁平管理,六险一金”"
229,8875739,php开发工程师,6k-9k,119071733,酷牛网络,https://www.lagou.com/jobs/8875739.html?show=b6b910cafb5c4d0098753953a5d6a6e1,2021-05-27,,,经验1-3年 / 大专,https://www.lagou.com/gongsi/v1/94e243e7d9db7007d742ff01ef91cd19eb4480c6bee34742a8c16a291f839bc3.html,软件开发 / 不需要融资 / 50-150人,“不加班，团队有大神，工作轻松”
230,4531524,PHP技术工程师,5k-8k,380020,慧家汇文化俱乐部,https://www.lagou.com/jobs/4531524.html?show=b6b910cafb5c4d0098753953a5d6a6e1,2021-05-27,,,经验1-3年 / 大专,https://www.lagou.com/gongsi/v1/2e4547c9a40b49d089e82cbae6c3e032338f09d61275064b.html,"移动互联网,电商 / 未融资 / 15-50人","“包住工作餐,节假日福利,生日福利,五险”"
231,8164147,php工程师,15k-28k,3328,好未来,https://www.lagou.com/jobs/8164147.html?show=b6b910cafb5c4d0098753953a5d6a6e1,2021-05-27,,,经验1-3年 / 本科,https://www.lagou.com/gongsi/v1/6ae8de7ae2880f79a4bd76bdf7bd06a6073d1986ab9f1c20.html,在线教育 / 上市公司 / 2000人以上,“公司环境佳 领导nice 大牛团队”
232,8873579,php开发工程师,5k-7k,103118,小爱科技,https://www.lagou.com/jobs/8873579.html?show=b6b910cafb5c4d0098753953a5d6a6e1,2021-05-27,,,经验1-3年 / 大专,https://www.lagou.com/gongsi/v1/874d8f59dc4f685735e87a49a3b56cd85e1939abccea78a3.html,"移动互联网,医疗丨健康 / 未融资 / 15-50人",“弹性工作、带薪年假、绩效奖金、节日福利、”
233,7473992,php开发工程师（yii 2）,14k-18k,4112,韩创科技,https://www.lagou.com/jobs/7473992.html?show=b6b910cafb5c4d0098753953a5d6a6e1,2021-05-27,,,经验1-3年 / 本科,https://www.lagou.com/gongsi/v1/c9679616c6048891e9d973c2cff82378b545a0b20f4c7be6.html,内容社区 / 不需要融资 / 500-2000人,“技术大牛，阅读奖励，一年四次涨薪”
234,7166155,php开发工程师,8k-12k,118608292,广西橙猫智能科技有限公司,https://www.lagou.com/jobs/7166155.html?show=b6b910cafb5c4d0098753953a5d6a6e1,2021-05-27,,,经验1-3年 / 大专,https://www.lagou.com/gongsi/v1/d4bcae871d25028641b407ecf3b4ea7e928e1053e9f5e8fefa32b17138a99b7e.html,软件开发 / 未融资 / 15-50人,“朝九晚六 绩效奖金”
235,8867691,php开发工程师,5k-8k,123404979,云蜗蜗,https://www.lagou.com/jobs/8867691.html?show=b6b910cafb5c4d0098753953a5d6a6e1,2021-05-26,,,经验1-3年 / 大专,https://www.lagou.com/gongsi/v1/caaf312992ccc62c25089612a4551beb8671c55a0c5967205edc4b80f3a63abf.html,"专业服务｜咨询,房地产｜建筑｜物业,居住服务 / 未融资 / 15-50人",“团队年轻，气氛活跃”
236,8577579,php开发工程师,13k-15k,122940819,紫牛云,https://www.lagou.com/jobs/8577579.html?show=b6b910cafb5c4d0098753953a5d6a6e1,2021-05-26,,,经验1-3年 / 大专,https://www.lagou.com/gongsi/v1/01e5deffefdf8bec6ae5f72cd3c7efa8317ad46c2e5142be7b109e66d956ebf8.html,"软件服务｜咨询,人工智能服务 / A轮 / 150-500人",“发展前景良好”
237,8865894,php开发工程师,8k-13k,123327432,科猎商服,https://www.lagou.com/jobs/8865894.html?show=b6b910cafb5c4d0098753953a5d6a6e1,2021-05-26,,,经验1-3年 / 大专,https://www.lagou.com/gongsi/v1/89b0bf916cde37bf2d4960b5d9e2f1e9ef550b9d6bc05a1e837ede5fee76d467.html,专业服务｜咨询 / 未融资 / 15-50人,“拥有自助产权的软件服务开发商企业”
238,8864832,PHP后端游戏主程,10k-15k,123401323,小码科技,https://www.lagou.com/jobs/8864832.html?show=b6b910cafb5c4d0098753953a5d6a6e1,2021-05-26,,,经验1-3年 / 大专,https://www.lagou.com/gongsi/v1/2450b25dd0d7c29f3a904692ee54b623759508398722197a592b545cb18460a9.html,"IT技术服务｜咨询,电商平台 / 未融资 / 50-150人",“高底薪＋奖金＋社保”
239,8672889,php高级开发工程师,8k-13k,122548802,华夏名足,https://www.lagou.com/jobs/8672889.html?show=b6b910cafb5c4d0098753953a5d6a6e1,2021-05-26,,,经验1-3年 / 大专,https://www.lagou.com/gongsi/v1/579c5d15cec33b87a37ce1b31071c4051012aec467c66f1206a4cc1c690aff4e.html,"软件服务｜咨询,教育｜培训 / 不需要融资 / 50-150人",“大健康行业”
240,8676616,证券业务Web后端/PHP/Golang开发工程师,15k-30k,9253,富途,https://www.lagou.com/jobs/8676616.html?show=b6b910cafb5c4d0098753953a5d6a6e1,2021-05-27,,,经验1-3年 / 本科,https://www.lagou.com/gongsi/v1/4e94b8cf63cd644b39135c1e8674e7f951cf62821cc8b848.html,科技金融 / 上市公司 / 500-2000人,“腾讯系 平台大”
241,8865620,php开发工程师,8k-16k,123327432,科猎商服,https://www.lagou.com/jobs/8865620.html?show=b6b910cafb5c4d0098753953a5d6a6e1,2021-05-26,,,经验1-3年 / 本科,https://www.lagou.com/gongsi/v1/191064c616ac078296791e0944726caba54438422cb383aba6a1cf1e6299adfc.html,专业服务｜咨询 / 未融资 / 15-50人,“公司年轻化，氛围轻松”
242,7123657,php全栈,10k-15k,24998,远锦世纪,https://www.lagou.com/jobs/7123657.html?show=b6b910cafb5c4d0098753953a5d6a6e1,2021-05-26,,,经验1-3年 / 本科,https://www.lagou.com/gongsi/v1/680772c20db099343b7e77846dfd3d40bd57f91e6734c5ed.html,"企业服务,数据服务 / 未融资 / 15-50人",“五险一金，不考勤，学习氛围好，有发展前景”
243,4982951,PHP工程师,4k-8k,297792,穗源网络科技,https://www.lagou.com/jobs/4982951.html?show=b6b910cafb5c4d0098753953a5d6a6e1,2021-05-26,,,经验1-3年 / 本科,https://www.lagou.com/gongsi/v1/606f0ab1d8696bdc8974c651013ef39426f3bb966c021553.html,"移动互联网,企业服务 / 未融资 / 少于15人","“绩效奖金,晋升空间大,快速成长”"
244,8606006,PHP,15k-25k,120897744,百映科技,https://www.lagou.com/jobs/8606006.html?show=b6b910cafb5c4d0098753953a5d6a6e1,2021-05-26,,,经验1-3年 / 本科,https://www.lagou.com/gongsi/v1/72aaab8d6ba7f8a61d21110e3b64df007cb064bfb2cfb53fd6845754e0dc4975.html,IT技术服务｜咨询 / 不需要融资 / 150-500人,“早九晚六，同事nice，”
245,6005970,php开发工程师,7k-10k,44839,优路加,https://www.lagou.com/jobs/6005970.html?show=b6b910cafb5c4d0098753953a5d6a6e1,2021-05-26,,,经验1-3年 / 本科,https://www.lagou.com/gongsi/v1/4e5d2dbcd4cd25f08cc6b31d7ee3187a64d95ec3df6d7dc9.html,移动互联网 / 未融资 / 150-500人,“六险一金，年底双薪，周末双休，员工旅游”
246,8862268,周末双休PHP开发工程师,11k-13k,118480011,亿达信息,https://www.lagou.com/jobs/8862268.html?show=b6b910cafb5c4d0098753953a5d6a6e1,2021-05-26,,,经验1-3年 / 本科,https://www.lagou.com/gongsi/v1/cdc7245b826f1914bfa32ccd67333d7ba67768c1e97014911d6decde09c1ff9f.html,"软件服务｜咨询,IT技术服务｜咨询,人工智能服务 / 上市公司 / 2000人以上",“六险一金团建活动节假日礼物一年一次普调”
247,8861843,php开发工程师,10k-12k,121847946,金磁石,https://www.lagou.com/jobs/8861843.html?show=b6b910cafb5c4d0098753953a5d6a6e1,2021-05-26,,,经验1-3年 / 本科,https://www.lagou.com/gongsi/v1/a0b52287dd8a0319c53804be9124e04d4e1fcce7ad28bb81fc6b6705dd6f9148.html,企业服务 / 不需要融资 / 50-150人,“【欧派】猎头职位”
248,6412240,php开发工程师,6k-10k,705521,广州市互利信息科技有限公司,https://www.lagou.com/jobs/6412240.html?show=b6b910cafb5c4d0098753953a5d6a6e1,2021-05-25,,,经验1-3年 / 大专,https://www.lagou.com/gongsi/v1/743b5f52e7df44493952d9984edd192309f1628914726463.html,其他 / 未融资 / 500-2000人,“接触项目广泛”
249,8860445,php开发工程师,11k-13k,121735641,添才翰格,https://www.lagou.com/jobs/8860445.html?show=b6b910cafb5c4d0098753953a5d6a6e1,2021-05-25,,,经验1-3年 / 本科,https://www.lagou.com/gongsi/v1/2f3f4a13ef1aa8c01376636c5c100cfa4ff88c23860e022b4110ed2b75712087.html,企业服务 / 未融资 / 50-150人,“欧派 公司猎头职位”
250,8285012,php开发工程师,8k-15k,82879217,游金喜,https://www.lagou.com/jobs/8285012.html?show=b6b910cafb5c4d0098753953a5d6a6e1,2021-05-25,,,经验1-3年 / 本科,https://www.lagou.com/gongsi/v1/ecbcaa2a9691f0670f925456e7cfa9ce2d7cb590bb8f0a1f94e52a2f8195b482.html,"物联网,消费生活,专业服务｜咨询 / 天使轮 / 少于15人",“奖金+股权+上升空间”
251,8763499,php/node.js开发工程师,20k-35k,5832,微博,https://www.lagou.com/jobs/8763499.html?show=b6b910cafb5c4d0098753953a5d6a6e1,2021-05-25,,,经验1-3年 / 本科,https://www.lagou.com/gongsi/v1/08493074889f5f0184cf09490f6abe6515d9d66954fbd085.html,社交媒体 / 上市公司 / 2000人以上,“技术挑战、从零到一、重点业务”
252,7817319,php开发工程师,6k-10k,362371,云木网络,https://www.lagou.com/jobs/7817319.html?show=b6b910cafb5c4d0098753953a5d6a6e1,2021-05-25,,,经验1-3年 / 本科,https://www.lagou.com/gongsi/v1/fe85bdffef43452cdde850a8b35747d1de1eaa04f58bf794.html,"电商,游戏 / 未融资 / 15-50人",“单双休 发展前景”
253,8509511,后端php开发工程师,10k-20k,108172,风远科技,https://www.lagou.com/jobs/8509511.html?show=b6b910cafb5c4d0098753953a5d6a6e1,2021-05-25,,,经验1-3年 / 本科,https://www.lagou.com/gongsi/v1/5e0362c3dffb618ddecfc5d714359587bfd2fe1bd6aa7248.html,"移动互联网,社交 / 未融资 / 15-50人",“发展空间好 奖金丰厚 行业领先”
254,8857941,php开发工程师,10k-15k,120598593,添楚瀚才传媒,https://www.lagou.com/jobs/8857941.html?show=b6b910cafb5c4d0098753953a5d6a6e1,2021-05-25,,,经验1-3年 / 本科,https://www.lagou.com/gongsi/v1/82af0867e38131773ead89861b120461a894ae4664f668b683b70bf5030a7a36.html,"工具类产品,IT技术服务｜咨询,专业服务｜咨询 / 未融资 / 150-500人",“双休”
255,8467185,php开发工程师,15k-25k,5832,微博,https://www.lagou.com/jobs/8467185.html?show=b6b910cafb5c4d0098753953a5d6a6e1,2021-05-25,,,经验1-3年 / 本科,https://www.lagou.com/gongsi/v1/b44eef0ccad129cfe721add645bd2af1cd777b0e6bcbb4ab.html,社交媒体 / 上市公司 / 2000人以上,“大平台 高福利”
256,8858184,php开发工程师,15k-23k,121847946,金磁石,https://www.lagou.com/jobs/8858184.html?show=b6b910cafb5c4d0098753953a5d6a6e1,2021-05-25,,,经验1-3年 / 本科,https://www.lagou.com/gongsi/v1/78aa637752f064a83a4265ad062ef66512668af9a5027e1e27ca05e45a8324d4.html,企业服务 / 不需要融资 / 50-150人,“【小满科技】猎头职位”
257,5581817,php后端 开发工程师,10k-20k,23827,山景信息技术,https://www.lagou.com/jobs/5581817.html?show=b6b910cafb5c4d0098753953a5d6a6e1,2021-05-25,,,经验1-3年 / 大专,https://www.lagou.com/gongsi/v1/feabac9ba3c56952ad734e7b69b83acab847060ad0ebdc85.html,"电商平台,软件服务｜咨询,数据服务｜咨询 / 未融资 / 少于15人","“单双休,弹性工作制,五险一金”"
258,8856022,php开发工程师,15k-25k,120598593,添楚瀚才传媒,https://www.lagou.com/jobs/8856022.html?show=b6b910cafb5c4d0098753953a5d6a6e1,2021-05-25,,,经验1-3年 / 本科,https://www.lagou.com/gongsi/v1/b668f7e64a57332579d56d4584689ddf5590ea9d34412b34e7dff3b7d03ff0c6.html,"工具类产品,IT技术服务｜咨询,专业服务｜咨询 / 未融资 / 150-500人",“双休 上市公司”
259,8768013,PHP开发工程师,4k-8k,123298620,金护百年,https://www.lagou.com/jobs/8768013.html?show=b6b910cafb5c4d0098753953a5d6a6e1,2021-05-25,,,经验1-3年 / 大专,https://www.lagou.com/gongsi/v1/0579aa0c571739534fd89fb860cc6da32cea77a0f6fe1a8f6e20ea0827fa4007.html,"软件服务｜咨询,物联网,IT技术服务｜咨询 / 不需要融资 / 150-500人",“主营自有项目，长期重复性工作较少，进步快”
260,8854922,php开发工程师,11k-13k,121735641,添才翰格,https://www.lagou.com/jobs/8854922.html?show=b6b910cafb5c4d0098753953a5d6a6e1,2021-05-25,,,经验1-3年 / 本科,https://www.lagou.com/gongsi/v1/41857331268bc3a1af46567d05234397148ea9c8bdfe8ad668c34bcac84c8bc9.html,企业服务 / 未融资 / 50-150人,“（欧派）猎头岗位”
261,8854917,php开发工程师,11k-13k,123001024,亿聘世纪,https://www.lagou.com/jobs/8854917.html?show=b6b910cafb5c4d0098753953a5d6a6e1,2021-05-25,,,经验1-3年 / 本科,https://www.lagou.com/gongsi/v1/5cc8a7aea097eacc13ae67b739181c0d8339a98fb9ac446b9504e78acde1ebf4.html,"工具类产品,数据服务｜咨询,专业服务｜咨询 / 未融资 / 150-500人",“欧派猎头职位”
262,5714965,php后端,7k-10k,531827,国鸣科技,https://www.lagou.com/jobs/5714965.html?show=b6b910cafb5c4d0098753953a5d6a6e1,2021-05-25,,,经验1-3年 / 本科,https://www.lagou.com/gongsi/v1/89c085d17a839b39a7df0e516412b42e27c706b2c69fb68a.html,"教育,移动互联网 / 未融资 / 15-50人",“周末双休，加班餐补，朝九晚六，节日福利”
263,4865525,PHP全栈工程师,10k-13k,50856,柚子街,https://www.lagou.com/jobs/4865525.html?show=b6b910cafb5c4d0098753953a5d6a6e1,2021-05-25,,,经验1-3年 / 大专,https://www.lagou.com/gongsi/v1/ed593e10ec3bb4e52c37b3168da1ff803f0d865f960ff2c3.html,IT技术服务｜咨询 / A轮 / 15-50人,"“福利多,业绩激励,双休,不打卡”"
264,8698494,php,8k-12k,302038,之了,https://www.lagou.com/jobs/8698494.html?show=b6b910cafb5c4d0098753953a5d6a6e1,2021-05-25,,,经验1-3年 / 本科,https://www.lagou.com/gongsi/v1/28cda295e21a61b02cad9b830be8a666a20579751964a1d4.html,"在线教育,内容资讯 / 不需要融资 / 500-2000人",“五险一金 13薪”
265,5581594,php开发工程师,8k-10k,507914,吉阿婆,https://www.lagou.com/jobs/5581594.html?show=b6b910cafb5c4d0098753953a5d6a6e1,2021-05-25,,,经验1-3年 / 大专,https://www.lagou.com/gongsi/v1/89cd24032d0d83759b961dc6321588fe9ae95e4d61b0b073.html,其他 / 不需要融资 / 50-150人,“带薪年假 餐补员工旅游绩效奖金13薪”
266,7201658,php开发工程师,9k-18k,119108107,卡卡西,https://www.lagou.com/jobs/7201658.html?show=b6b910cafb5c4d0098753953a5d6a6e1,2021-05-25,,,经验1-3年 / 不限,https://www.lagou.com/gongsi/v1/4d5c84d9f3a2bd926ce852eb1d4170d2a277fe574ac046706f55c8c7640ba9a1.html,企业服务 / 未融资 / 15-50人,“五险一金，包住宿，弹性工作”
267,8821139,php后端开发工程师,20k-30k,93709,Weshine,https://www.lagou.com/jobs/8821139.html?show=b6b910cafb5c4d0098753953a5d6a6e1,2021-05-24,,,经验1-3年 / 本科,https://www.lagou.com/gongsi/v1/184d41f777b2a9c8c13521011907f04548c1efa03315f7ff.html,"移动互联网,文娱丨内容 / B轮 / 50-150人","“同事氛围好,发挥空间大,弹性工作制”"
268,8849812,php开发工程师,10k-15k,125509,小微蜂,https://www.lagou.com/jobs/8849812.html?show=b6b910cafb5c4d0098753953a5d6a6e1,2021-05-24,,,经验1-3年 / 本科,https://www.lagou.com/gongsi/v1/9c7865f89e664e9c3e96626bfd729aa525467246a5a0b2a0.html,"企业服务,电商 / A轮 / 50-150人",“公司快速发展，有期权，自由度高”
269,8290445,中级PHP工程师,15k-25k,740,时趣social-touch,https://www.lagou.com/jobs/8290445.html?show=b6b910cafb5c4d0098753953a5d6a6e1,2021-05-24,,,经验1-3年 / 本科,https://www.lagou.com/gongsi/v1/562d268efa307da24a8f437afd9d10fb.html,营销服务｜咨询 / D轮及以上 / 500-2000人,“技术创新”
